w0,h0,rot_0,w1,h1,rot_1,w2,h2,rot_2,w3,h3,rot_3
56,56,1,33,76,0,100,43,1,50,42,1
26,33,1,93,70,1,93,90,1,75,54,1
61,63,1,66,47,0,89,79,1,67,28,0
61,23,1,31,45,0,87,58,1,80,60,0
50,12,0,13,72,0,65,85,0,32,50,1
54,99,0,65,85,1,95,87,0,29,23,1
100,72,0,34,27,1,34,15,1,86,76,0
82,91,0,27,72,0,61,29,1,61,62,1
59,93,1,36,36,1,18,20,1,39,95,1
59,50,0,48,10,0,97,15,0,25,91,1
25,39,0,32,96,1,30,16,0,13,14,1
76,64,1,42,78,1,92,31,0,15,91,0
33,47,1,34,74,1,52,35,0,20,38,0
33,41,0,55,73,1,80,72,1,17,78,0
99,77,1,16,79,1,91,87,0,69,16,1
71,99,0,75,20,1,54,98,0,77,30,0
27,24,1,73,66,1,30,89,0,100,85,0
98,13,0,100,40,0,29,74,0,97,15,0
31,54,1,100,60,0,61,33,0,59,93,0
79,87,1,29,16,1,67,24,0,88,18,1
32,75,0,85,27,0,26,42,1,10,79,0
65,32,0,86,86,1,37,56,0,98,53,1
25,50,0,29,47,1,21,56,0,14,36,1
95,49,1,96,14,1,10,83,0,40,41,0
86,62,0,82,49,1,91,50,1,28,95,1
62,56,0,59,16,1,81,84,1,20,30,0
19,65,1,80,34,0,59,88,0,36,37,0
33,97,1,77,31,0,93,27,1,58,45,0
16,17,1,64,81,1,29,18,0,31,87,0
82,46,0,84,77,0,39,95,1,99,87,0
99,76,1,53,82,0,45,93,1,34,73,1
26,75,0,24,72,0,30,86,0,26,62,1
91,98,0,90,68,1,82,35,0,19,55,1
24,21,0,56,28,0,56,82,0,86,81,1
100,65,0,65,64,0,75,14,1,41,40,1
95,59,1,30,54,1,30,63,0,71,85,1
10,13,0,27,10,1,74,23,1,75,52,0
88,69,0,18,71,1,19,71,0,43,40,0
43,41,0,100,22,1,50,41,1,51,15,1
92,68,0,33,40,0,17,95,1,46,80,0
90,12,0,57,86,0,74,63,1,52,73,0
83,85,1,43,66,1,59,49,0,23,76,0
83,100,0,12,76,0,18,91,1,24,92,0
38,91,0,67,76,0,67,46,1,17,38,0
21,64,0,38,48,0,43,21,1,74,14,1
34,18,1,28,93,0,45,85,0,99,54,0
100,48,1,81,74,0,67,64,1,52,91,1
96,75,1,45,13,0,75,60,0,79,97,1
71,47,0,76,67,0,76,93,0,60,67,0
89,28,0,94,12,1,18,70,1,83,100,1
70,86,1,79,48,0,64,17,0,54,30,0
26,38,0,27,27,1,58,27,1,54,12,0
36,95,1,43,83,1,63,73,1,96,44,0
88,36,0,98,100,1,83,63,1,89,66,1
46,29,1,34,24,0,87,99,1,38,98,0
11,32,0,73,97,1,14,18,0,15,83,0
50,69,1,80,29,1,39,29,1,91,58,0
37,43,0,30,74,0,14,44,1,22,62,0
79,15,0,14,90,0,35,42,0,14,79,0
65,34,0,84,97,1,97,18,1,32,72,1
10,93,0,66,71,1,46,69,0,27,53,0
50,59,0,22,30,1,86,57,0,98,32,1
84,14,0,55,13,1,19,33,1,62,45,1
21,39,0,42,22,0,26,25,0,18,58,0
81,56,1,80,54,0,62,12,1,16,96,1
31,64,1,55,57,0,93,54,0,45,46,0
86,94,1,33,33,1,28,74,1,49,21,1
40,83,1,68,12,1,76,35,1,61,40,0
54,49,0,73,51,1,24,37,0,57,73,0
82,68,0,34,53,1,52,58,1,39,70,1
56,11,0,86,15,0,92,78,0,93,86,0
40,89,1,10,12,1,37,63,1,25,74,1
34,68,0,87,85,1,80,44,1,39,85,0
31,56,1,51,56,1,48,46,0,77,43,1
92,97,1,46,54,0,95,71,0,18,70,0
91,46,1,53,83,1,100,65,0,65,85,1
90,87,1,61,63,1,73,53,1,35,33,1
65,27,1,76,52,0,16,25,1,97,40,0
48,19,0,58,88,0,36,94,1,95,90,1
81,86,0,13,54,1,16,75,1,39,44,0
56,67,1,86,97,1,36,12,1,73,51,0
32,20,1,35,44,0,39,73,1,100,76,0
61,94,0,91,52,1,65,58,1,73,27,1
21,24,0,56,64,0,70,75,0,16,29,0
75,26,1,62,89,1,42,58,0,66,76,1
40,11,0,20,55,0,34,15,1,95,15,0
67,69,0,86,10,1,67,50,1,85,45,0
87,49,0,76,47,1,58,93,1,60,18,0
91,21,0,83,40,1,50,41,1,12,15,0
38,79,1,22,67,1,91,16,0,28,83,0
100,38,1,92,71,1,74,63,1,75,15,0
60,18,0,58,66,1,83,67,1,86,67,1
73,95,0,82,35,1,52,59,1,27,38,1
98,18,1,68,92,0,90,15,0,35,63,0
47,73,0,98,46,0,31,30,1,58,51,0
63,32,1,92,78,1,71,92,1,38,39,1
45,20,0,12,51,0,60,76,1,97,26,1
70,95,1,16,41,1,85,19,0,12,67,1
48,57,1,88,90,0,83,95,0,48,52,1
88,14,1,50,94,1,11,90,1,29,77,1
43,18,1,99,59,0,51,55,1,80,52,0
99,12,0,89,39,0,39,72,0,17,52,0
70,69,0,79,91,0,56,64,1,89,90,1
67,17,0,95,77,1,45,94,1,28,79,0
46,54,1,29,72,1,66,86,1,73,15,1
79,82,0,16,15,1,18,96,1,100,86,0
76,80,0,72,51,0,23,18,0,85,76,0
16,49,0,75,44,0,34,34,0,69,65,1
12,63,0,31,86,1,44,59,0,98,73,1
36,46,0,50,41,1,31,97,0,91,52,1
51,89,0,34,47,1,15,59,0,92,17,0
96,65,1,74,55,1,25,98,0,81,81,1
16,44,0,49,54,1,37,46,1,45,29,0
54,33,1,10,15,1,84,14,0,96,70,1
97,31,1,39,15,1,31,84,0,53,69,0
34,68,1,90,91,0,78,24,1,57,63,1
93,66,0,77,52,1,65,59,1,61,15,0
12,59,0,43,64,1,69,17,1,51,54,1
87,80,0,61,29,1,58,19,1,46,32,1
50,64,1,39,98,1,41,26,1,34,98,0
43,18,0,22,72,1,99,61,1,29,76,1
38,71,0,40,48,0,37,23,1,38,99,1
29,38,1,91,78,1,66,70,0,36,28,1
28,91,1,53,44,1,71,32,1,85,23,0
63,19,0,75,17,1,58,77,1,98,52,1
86,34,1,64,46,1,29,19,1,97,51,1
38,23,1,50,81,0,55,59,0,33,28,0
54,39,1,60,33,1,54,47,0,52,86,1
16,20,1,30,37,0,78,86,0,22,24,0
88,46,0,57,35,1,74,43,0,26,42,1
99,57,0,51,77,1,42,44,1,90,37,0
94,11,0,48,91,1,53,40,1,29,52,0
18,13,1,44,95,0,66,62,1,65,90,1
49,26,0,78,100,0,100,74,0,53,68,0
10,40,0,19,98,1,28,29,1,14,60,0
85,21,1,74,18,1,28,97,0,71,51,1
84,57,1,50,56,1,85,25,0,13,54,0
75,76,1,36,46,1,20,92,1,34,57,1
22,19,1,29,91,1,90,17,1,30,95,0
11,14,1,33,56,0,62,38,1,42,32,1
37,57,0,81,64,0,90,64,1,78,40,1
78,40,1,75,91,0,51,17,0,39,92,1
44,56,0,98,52,1,37,55,1,79,14,1
99,83,1,59,81,1,21,72,0,49,86,1
48,96,1,48,22,0,70,32,1,68,66,0
59,81,1,59,83,0,91,79,1,32,54,0
40,29,1,100,60,0,75,26,0,84,35,0
63,24,1,42,67,1,98,23,1,22,88,1
84,80,0,18,72,0,98,62,1,28,13,0
54,34,1,78,50,1,68,61,1,26,41,1
42,25,0,12,17,0,12,25,1,24,72,0
13,45,0,80,50,1,62,16,0,91,79,0
75,11,1,52,72,1,55,58,1,48,63,0
87,53,0,80,95,1,22,60,0,18,31,1
23,37,0,70,58,1,83,25,1,95,18,1
68,67,0,37,87,1,45,29,0,72,42,0
61,45,1,50,64,1,23,28,0,34,40,0
94,20,0,90,72,0,74,65,1,97,25,0
28,22,0,33,85,1,29,55,0,45,47,0
57,12,1,98,89,1,54,28,0,35,82,0
61,82,0,50,38,0,99,91,0,68,10,1
26,16,1,13,38,1,44,82,0,23,77,0
30,37,0,90,29,1,26,28,0,83,28,0
89,39,1,68,69,0,17,68,0,43,65,1
42,21,0,60,44,0,60,26,0,90,68,1
36,75,1,21,11,1,22,32,1,63,56,1
83,45,0,36,93,0,95,48,1,33,46,1
93,39,1,87,80,0,26,25,1,80,25,0
52,47,0,83,98,0,84,15,0,33,84,0
22,36,1,41,92,0,32,77,1,48,92,0
99,76,1,53,75,0,76,21,0,13,89,0
58,73,1,64,85,1,62,10,0,35,28,1
10,97,0,66,80,1,74,17,0,58,41,1
46,48,0,95,51,0,22,27,0,84,66,1
74,64,0,81,60,0,14,28,0,45,50,0
71,98,0,54,41,1,20,72,0,59,71,1
37,13,0,55,65,0,99,21,0,47,58,0
38,73,1,21,72,1,33,32,1,20,89,0
64,12,0,54,16,1,61,39,1,97,73,0
64,98,0,97,36,0,21,92,1,13,49,1
97,60,1,74,87,1,100,97,0,61,12,1
34,36,1,70,94,1,46,32,1,35,93,0
75,27,1,50,24,1,89,21,0,90,34,0
44,39,0,15,95,0,71,85,1,58,55,1
79,75,1,30,49,1,94,89,1,98,92,1
30,34,1,12,88,1,95,11,0,90,11,0
82,49,1,46,65,0,77,56,0,47,20,0
32,98,0,38,84,0,83,72,1,64,17,0
74,49,1,85,35,0,85,34,0,69,42,1
85,69,1,19,72,1,45,96,1,80,95,1
28,60,1,36,90,1,20,79,1,21,70,0
47,29,1,93,39,1,29,64,1,64,96,0
58,98,0,68,87,0,43,17,1,44,52,0
79,37,0,14,95,1,35,25,1,50,72,0
60,73,0,66,80,0,64,25,0,22,77,0
17,58,1,76,93,0,39,36,1,78,21,0
35,63,0,45,15,1,25,32,1,50,62,1
45,85,0,30,75,0,67,94,1,33,44,1
77,78,0,51,69,0,85,36,0,89,21,0
91,60,1,85,36,1,37,67,1,48,29,0
78,57,0,50,46,1,39,88,1,14,26,0
41,82,0,86,38,1,27,48,1,57,15,0
20,62,1,74,75,1,14,76,0,17,85,1
25,100,1,40,52,0,29,90,1,33,90,1
11,86,0,62,50,1,34,98,0,33,79,1
13,58,0,17,64,0,55,43,1,20,65,1
71,29,0,49,36,1,74,11,1,46,51,1
77,58,0,38,21,0,47,28,0,93,55,0
85,42,0,59,16,1,18,33,1,73,59,0
56,93,1,96,18,1,50,67,0,58,92,1
43,10,1,12,10,1,73,91,1,71,10,1
52,50,1,49,58,0,22,50,1,17,70,1
35,69,0,19,70,1,85,19,1,33,41,1
32,88,0,10,40,0,90,22,0,24,36,0
75,39,1,28,31,1,50,27,0,41,11,1
39,18,0,81,45,0,24,63,0,71,100,1
65,85,0,31,79,0,53,93,1,36,32,1
67,12,0,47,86,0,70,79,1,96,20,1
22,31,1,27,23,1,19,34,0,39,17,1
71,18,0,56,20,0,31,21,0,79,23,1
22,35,1,39,87,1,77,62,1,66,42,1
57,69,1,74,83,1,45,59,1,45,93,0
11,44,1,40,78,0,95,70,0,39,20,1
27,36,0,16,84,0,86,57,0,35,37,0
90,14,1,23,18,1,35,36,1,31,64,0
69,84,0,96,40,0,14,29,1,37,40,1
39,41,1,26,35,0,29,50,1,18,70,1
40,99,0,18,10,1,61,76,0,32,61,0
84,10,0,33,13,0,46,100,1,11,59,1
17,32,1,21,95,1,28,40,1,40,66,1
89,79,1,14,86,0,57,18,0,79,72,1
31,57,0,51,24,0,64,98,0,61,20,1
15,50,0,99,62,0,79,100,1,76,97,0
35,21,0,97,77,0,99,91,0,36,60,1
45,22,0,88,34,1,12,57,1,12,63,1
37,60,1,62,55,0,64,48,0,23,43,1
64,72,0,31,67,1,31,67,0,26,75,0
37,21,0,74,36,1,65,43,0,75,57,1
72,55,1,25,98,0,80,81,0,66,43,1
62,23,1,66,42,0,94,15,1,56,59,0
58,28,1,50,41,0,61,85,1,55,59,0
12,99,0,53,28,1,36,30,0,20,81,1
26,40,1,76,17,1,42,40,0,64,63,1
63,75,0,54,24,0,76,43,1,36,16,0
65,93,1,88,91,1,59,21,0,62,26,0
67,29,0,75,51,0,14,52,0,54,36,1
79,70,1,71,53,0,87,58,0,61,25,1
53,22,0,39,93,0,25,61,1,17,28,1
28,97,1,16,17,0,97,20,0,93,35,0
37,100,1,23,58,1,74,92,1,70,31,0
88,40,0,28,54,0,54,50,1,34,87,0
27,41,1,61,94,1,10,75,1,77,58,0
56,70,0,55,53,1,80,78,1,17,52,0
71,44,0,81,13,0,53,16,1,61,48,1
48,29,0,23,91,1,23,73,0,30,48,0
83,21,0,31,63,0,29,63,0,46,30,0
57,93,1,50,47,0,36,60,1,77,62,0
17,16,0,40,20,1,19,46,0,80,56,0
17,94,1,87,11,1,83,29,1,42,60,1
56,96,1,27,87,1,17,32,0,67,47,0
60,97,0,63,51,1,31,59,1,10,34,1
16,72,1,62,54,1,11,20,0,16,56,0
40,15,0,57,24,0,93,28,1,91,52,1
20,14,0,53,62,1,32,28,0,80,80,1
73,12,0,56,47,1,100,89,0,26,19,1
40,76,0,30,14,0,88,72,0,42,74,0
63,34,0,80,96,0,51,75,0,41,84,0
65,38,0,67,64,1,50,98,0,21,98,0
55,73,0,55,47,1,50,87,0,60,91,1
32,36,1,21,78,0,78,64,1,37,55,0
62,10,0,70,61,1,49,29,1,52,76,1
63,80,0,71,99,0,33,88,0,67,27,0
43,17,0,42,86,1,62,34,1,55,39,1
38,80,1,26,51,1,38,94,0,68,96,0
82,37,1,12,82,1,19,52,1,30,73,1
72,59,1,80,76,0,87,28,0,22,77,0
48,24,0,39,68,1,29,40,1,20,94,0
64,50,0,57,40,0,14,54,0,60,74,1
10,66,0,87,80,1,27,45,1,35,51,0
76,100,1,71,22,0,71,92,1,50,79,1
61,75,0,71,61,0,54,50,0,97,65,1
78,28,0,78,57,0,95,13,0,92,15,0
75,35,1,48,54,1,54,29,0,12,63,0
69,34,1,85,76,1,37,67,0,26,40,0
87,42,0,95,94,0,42,82,0,58,52,0
72,19,0,55,69,1,77,16,1,25,79,1
31,96,1,77,28,1,88,84,0,64,12,0
54,79,1,59,20,1,40,53,0,90,48,1
17,97,0,45,51,0,70,81,0,46,60,0
80,18,0,85,85,1,41,94,0,93,29,0
23,51,1,66,15,1,58,23,0,10,67,1
97,99,0,11,91,0,98,100,1,78,58,1
18,95,0,42,43,1,22,87,1,84,79,0
34,69,0,33,100,1,56,35,0,31,93,0
70,46,0,74,33,0,26,95,0,59,75,0
49,19,1,19,48,0,36,96,1,30,83,0
65,38,1,10,16,0,62,99,0,15,15,1
85,82,0,73,31,0,85,42,1,87,70,0
49,61,0,14,32,1,98,34,0,14,49,1
17,15,1,19,18,0,68,26,0,88,71,0
74,36,0,11,16,1,100,32,1,38,56,0
48,55,1,65,14,0,86,21,1,30,42,0
52,99,1,12,72,0,26,82,0,46,81,0
26,30,0,71,27,1,27,39,0,50,88,1
35,55,0,63,88,0,32,88,0,65,12,0
49,10,1,10,53,1,59,86,1,39,40,0
75,48,0,57,80,1,62,98,1,47,94,1
23,68,0,28,92,0,41,27,1,94,20,1
97,56,0,31,38,1,18,26,0,51,95,0
73,45,0,67,47,1,87,73,1,51,73,0
90,99,0,100,74,0,14,36,1,13,19,0
73,41,0,58,87,1,11,92,0,40,69,0
91,74,1,98,17,0,22,84,0,49,22,1
74,63,0,79,51,1,20,58,0,98,79,0
98,46,0,79,54,0,18,25,1,94,90,1
63,98,1,44,90,0,88,33,0,20,84,0
87,92,1,14,87,0,28,45,1,42,50,0
24,48,0,71,32,0,53,31,1,38,69,0
21,86,1,75,86,0,14,18,0,74,97,0
35,55,0,21,45,1,39,85,1,12,39,0
15,19,0,28,29,0,85,17,0,47,14,0
33,31,1,55,27,1,39,15,0,71,81,0
85,66,0,90,52,1,75,36,1,15,94,1
18,85,0,83,19,1,22,74,0,90,67,0
30,56,0,65,44,0,45,78,1,47,100,0
87,49,0,60,30,0,61,41,0,76,92,1
28,22,1,85,82,1,12,56,1,21,13,0
70,90,0,89,75,1,71,33,1,98,100,0
48,60,0,35,60,0,73,15,0,90,72,0
53,89,1,87,28,1,86,32,0,16,28,1
37,84,1,69,22,0,79,35,0,53,52,1
88,37,1,52,26,0,28,92,1,41,31,0
70,94,1,99,58,1,45,48,1,88,57,1
58,32,1,88,71,1,69,56,0,94,72,0
31,20,1,18,24,0,32,100,0,29,41,0
24,70,1,70,47,1,17,66,0,79,60,1
33,57,1,58,33,1,17,51,0,98,48,1
15,50,0,48,69,0,84,33,1,28,56,0
66,25,1,93,22,0,68,94,0,23,96,0
89,17,0,18,84,1,85,67,1,23,45,0
22,71,1,56,94,1,15,76,0,79,91,1
86,24,1,42,44,1,57,25,1,55,58,1
54,45,0,46,28,0,43,60,0,75,66,1
67,52,0,20,33,1,26,97,0,63,41,1
58,95,1,16,46,1,41,80,0,36,10,0
74,25,1,46,93,1,42,47,1,80,76,0
99,64,1,22,62,0,33,34,0,21,27,0
82,52,1,55,23,1,40,27,1,53,100,1
97,72,1,60,73,0,28,48,0,43,42,0
42,89,0,17,10,1,48,21,0,28,92,0
88,34,0,45,69,1,41,39,1,50,38,0
56,14,0,71,58,0,70,22,0,52,34,0
42,64,0,65,23,1,44,56,0,20,70,1
49,70,1,88,14,0,33,27,0,31,56,1
22,31,0,14,12,0,16,45,1,69,20,1
73,37,0,57,14,1,78,96,0,34,92,1
16,76,0,93,77,1,19,32,0,35,59,1
71,76,1,21,27,0,27,37,0,77,16,0
29,39,0,80,29,1,93,21,1,56,37,0
45,55,0,12,25,0,85,65,0,73,74,1
90,48,1,45,52,0,85,93,1,82,86,0
87,58,0,41,59,1,67,38,1,85,26,1
75,58,0,34,88,0,54,71,0,17,66,0
62,35,0,90,78,0,50,74,0,42,56,0
14,49,1,31,31,0,72,78,1,39,54,0
14,47,1,50,81,0,34,26,1,84,70,1
68,14,0,51,43,0,13,30,0,34,15,0
56,66,0,79,25,0,26,41,0,21,76,0
74,88,0,14,92,1,32,74,0,29,78,0
45,65,0,90,99,0,10,21,0,21,71,1
37,12,1,10,83,1,73,23,1,48,99,0
73,86,1,86,42,1,10,74,0,48,92,1
77,94,1,24,61,1,92,84,1,49,55,1
41,85,1,24,62,0,73,25,1,29,37,0
58,89,0,38,47,1,81,100,0,68,67,0
53,43,1,34,58,1,54,81,1,52,21,1
95,51,0,87,39,0,35,61,1,55,26,1
71,72,1,56,84,0,50,91,0,86,34,1
63,13,1,35,45,1,12,39,1,99,66,0
79,84,0,81,21,1,82,42,1,95,10,1
58,56,0,50,81,1,47,86,0,42,80,0
62,82,1,19,32,1,24,70,0,66,42,1
76,23,1,50,83,1,60,27,1,34,23,0
11,42,1,75,94,0,15,91,1,43,55,1
65,30,1,88,27,1,88,34,0,15,40,0
57,87,1,44,90,1,98,56,0,53,19,1
48,82,0,86,29,0,49,38,1,49,44,1
50,91,1,45,49,0,77,27,1,89,40,0
11,87,0,96,67,1,20,18,1,32,37,0
53,36,0,97,20,0,56,72,0,50,79,1
69,52,1,27,73,0,35,57,0,62,76,0
57,100,0,38,75,0,55,29,0,20,22,0
98,46,1,71,52,0,49,75,1,100,100,0
90,54,1,87,25,1,62,29,0,80,45,1
100,85,0,26,38,1,45,44,1,46,92,0
37,83,1,62,21,1,17,56,0,38,83,0
11,13,0,55,31,1,65,24,0,50,23,0
23,66,1,65,11,0,66,43,1,77,11,0
73,78,0,31,10,1,59,85,1,59,78,1
70,33,1,43,14,1,63,61,0,90,23,1
16,94,0,50,40,1,62,12,1,100,81,0
23,24,0,78,94,0,52,24,0,52,58,1
23,89,0,61,67,1,92,96,1,88,68,1
81,21,1,61,89,1,53,47,0,69,43,0
42,93,0,74,69,0,36,59,0,84,55,0
85,100,1,68,82,1,35,71,0,71,47,0
85,25,1,28,29,0,86,58,1,53,62,0
88,85,0,19,20,0,34,49,0,38,68,1
43,99,1,91,100,0,99,37,0,36,70,1
24,52,0,57,73,0,33,46,1,41,76,0
91,23,0,86,61,1,83,48,1,45,75,0
39,69,1,80,26,1,89,87,0,42,27,1
49,48,1,46,78,0,95,76,1,68,79,0
42,19,1,24,60,1,44,64,0,100,59,1
40,30,0,84,19,0,93,28,1,86,54,1
58,89,1,63,16,0,49,27,0,47,51,1
97,98,1,30,26,0,80,30,1,28,61,0
20,30,0,22,59,1,91,49,0,71,62,1
24,90,1,64,100,1,47,41,0,76,99,0
76,37,0,45,63,1,65,89,0,63,30,0
17,99,1,64,96,1,99,100,0,70,42,0
15,39,0,38,76,1,69,60,0,57,86,1
18,10,0,65,28,1,33,49,0,11,41,1
87,46,0,98,37,1,73,32,1,100,13,1
85,23,0,37,85,0,76,96,0,95,53,1
37,51,1,64,45,0,90,46,0,89,42,1
39,33,1,89,51,1,21,75,0,46,43,0
98,25,0,49,79,0,97,71,0,54,17,0
26,24,0,85,27,1,27,85,1,11,33,0
50,65,1,85,74,1,15,79,0,57,81,1
95,30,0,88,57,0,25,83,1,63,10,0
74,86,1,90,79,1,57,70,0,89,80,1
96,47,1,98,95,1,33,82,0,45,89,1
18,23,0,70,17,1,68,33,1,14,53,0
57,86,0,64,62,0,85,40,0,45,36,0
12,90,1,24,50,0,13,75,0,87,35,1
89,32,0,32,92,0,15,10,0,24,71,1
79,67,1,20,71,1,19,63,1,18,76,0
23,55,0,95,66,0,91,39,1,49,32,1
67,44,0,83,69,1,72,70,0,12,71,1
80,35,1,76,86,1,69,95,0,97,58,0
83,25,0,25,100,0,46,28,0,45,66,1
87,78,0,68,63,1,33,17,1,48,14,0
68,34,0,18,96,0,85,27,0,96,80,0
69,33,0,51,30,1,63,36,1,86,20,1
41,45,1,78,79,0,11,29,0,15,56,0
46,38,0,50,59,0,83,43,1,93,39,0
37,93,0,49,87,0,55,13,0,80,81,0
62,68,1,31,40,0,49,32,0,66,32,1
64,89,1,25,98,0,96,84,1,61,33,0
11,27,1,44,58,0,60,51,0,10,14,0
60,95,1,22,65,0,55,69,1,17,67,1
58,81,1,13,52,1,97,20,1,83,68,0
19,92,0,54,75,1,71,95,0,91,95,0
19,18,0,80,72,1,33,59,1,47,32,0
38,26,0,15,43,0,38,57,1,62,56,1
47,98,0,46,65,0,100,27,0,100,52,1
31,53,1,50,40,0,76,60,1,13,29,1
15,27,0,41,72,1,35,13,0,62,85,1
54,85,1,93,82,1,66,60,0,16,59,1
75,78,1,56,43,0,58,54,1,72,69,1
75,96,0,48,24,0,78,67,0,73,34,0
92,79,1,46,58,1,78,39,0,33,65,0
53,55,1,61,57,0,99,98,1,25,22,1
63,64,1,59,99,1,69,38,0,61,68,0
73,16,0,95,37,1,79,89,1,67,87,1
38,66,0,97,65,1,29,69,0,31,78,0
77,75,0,46,24,1,55,58,0,81,95,0
31,71,0,97,36,0,28,55,0,87,89,0
86,66,0,67,70,1,93,29,0,48,61,1
37,57,1,16,72,0,81,37,1,62,14,1
13,78,1,70,75,1,14,44,0,86,14,1
47,56,1,27,60,1,68,41,0,29,10,1
12,62,1,75,47,1,10,73,1,82,24,1
72,97,1,82,73,1,83,36,1,74,24,1
17,55,1,58,44,1,52,43,0,60,53,0
36,92,0,44,21,0,83,85,1,81,21,1
26,98,0,13,34,1,44,87,0,42,97,0
23,11,0,58,52,0,51,98,0,87,19,1
40,20,1,23,94,0,57,19,0,11,31,0
89,98,1,20,35,0,30,81,0,99,90,1
22,20,1,70,51,1,37,25,1,18,89,0
100,51,0,95,91,1,11,14,1,20,53,0
29,32,1,47,15,0,25,43,1,36,84,0
74,12,0,11,59,1,56,92,0,47,34,1
61,48,1,51,25,0,20,80,0,64,13,1
99,28,0,37,53,0,72,22,1,80,87,0
87,24,0,84,41,1,77,19,1,68,81,1
17,88,0,38,85,1,17,94,0,29,85,1
16,86,1,30,35,0,78,100,0,56,50,0
47,32,0,87,28,1,17,87,0,35,66,1
18,25,1,22,73,0,88,12,1,26,12,1
40,33,1,98,63,0,55,92,0,47,82,0
99,71,1,23,60,1,46,54,0,86,35,1
50,30,1,78,93,1,59,54,0,13,83,1
91,35,0,75,91,0,23,79,1,39,14,0
46,62,1,45,37,1,18,20,1,40,34,0
49,62,1,15,75,1,23,98,1,97,35,1
13,60,1,36,26,1,24,49,1,60,18,1
99,78,0,58,21,1,14,14,1,64,46,0
15,29,1,27,23,0,36,36,0,32,51,0
62,80,0,45,52,0,31,31,0,22,88,0
85,75,1,43,91,1,22,18,1,26,62,0
32,100,1,63,84,1,48,14,1,15,59,1
79,99,1,72,37,0,11,81,1,44,22,0
46,80,0,77,22,1,40,59,1,96,67,0
30,92,0,34,75,1,41,14,1,44,45,0
51,54,0,50,15,0,28,50,1,82,96,0
58,12,1,82,51,1,91,77,1,32,18,0
30,15,0,40,23,0,75,66,1,83,26,0
56,61,1,58,36,0,21,70,0,46,75,0
89,80,0,89,33,1,99,47,0,55,80,1
53,45,1,39,81,0,40,48,0,92,46,0
19,44,1,32,98,1,15,33,1,100,46,0
76,99,1,27,60,0,97,61,1,32,30,1
76,59,0,68,47,0,85,37,1,63,96,0
93,74,0,45,44,1,13,61,0,92,22,0
17,52,1,74,58,0,50,10,1,96,21,0
48,10,0,90,57,1,56,15,1,28,25,0
53,11,0,70,14,0,13,78,0,87,27,1
44,77,0,69,49,0,40,97,0,57,96,1
89,53,0,45,89,0,20,52,1,69,48,0
28,72,0,14,89,1,78,37,1,36,20,1
81,24,1,91,84,1,99,21,1,100,55,1
45,65,0,93,91,0,96,85,1,26,11,0
63,49,1,16,82,1,89,97,0,67,36,0
29,82,0,44,60,0,88,69,0,39,64,1
74,81,1,96,56,1,49,73,0,95,51,1
96,85,0,75,34,1,54,45,1,68,44,1
84,83,0,13,96,1,59,53,1,12,68,1
92,80,1,51,87,1,40,100,0,47,17,0
38,49,1,90,89,1,100,68,0,28,85,1
64,15,1,38,36,0,75,82,0,94,43,1
54,55,1,92,70,1,86,42,0,56,12,0
65,70,1,66,70,1,62,75,0,18,69,0
46,70,0,27,67,1,16,30,1,96,97,1
47,94,1,76,12,1,48,89,1,65,37,0
59,45,0,21,69,1,51,12,0,52,76,0
89,73,1,10,86,0,36,13,1,20,30,1
31,59,1,32,29,0,61,15,1,87,74,0
48,20,0,13,90,0,10,95,0,44,14,1
66,31,0,47,70,1,69,91,0,99,21,1
53,97,1,21,26,1,87,42,0,73,54,0
31,47,1,100,60,1,11,100,1,60,12,0
82,56,1,95,76,0,96,90,0,78,82,1
38,31,0,81,56,0,88,50,0,62,80,0
95,50,1,50,42,0,15,53,0,91,43,0
54,71,0,87,24,0,21,74,0,99,62,0
60,90,1,59,53,0,86,48,1,86,40,0
34,59,1,19,20,0,40,96,0,74,43,1
10,82,0,39,21,1,68,70,0,45,41,1
79,23,0,88,80,1,56,80,0,70,86,0
38,42,1,43,60,1,64,95,1,13,25,1
99,41,0,34,79,0,33,87,0,70,57,0
76,56,0,56,18,1,45,61,1,47,54,1
46,11,0,29,36,1,62,24,0,94,14,0
30,59,1,35,31,0,71,31,0,92,29,0
77,15,1,47,98,0,72,94,1,85,91,0
90,57,0,28,90,1,61,44,1,88,76,0
46,51,1,74,94,0,31,99,1,66,68,1
72,39,0,77,31,0,47,33,0,71,24,1
33,72,1,21,47,0,47,44,0,67,53,0
36,51,0,62,94,1,84,43,1,87,47,1
47,83,0,83,63,0,91,14,1,47,71,1
76,68,0,78,41,1,48,61,0,10,13,0
86,92,0,14,36,1,98,88,1,60,44,1
64,81,1,84,62,1,41,75,1,52,24,1
67,41,1,34,34,1,46,20,0,94,72,1
57,67,1,88,41,0,81,38,0,23,92,0
76,98,0,97,87,1,11,54,0,42,16,0
90,19,1,59,83,1,91,51,0,42,14,1
70,26,1,41,15,0,63,69,1,88,54,1
69,34,1,12,59,0,44,53,0,79,82,1
56,88,1,73,68,1,16,77,1,38,32,0
73,22,1,88,99,1,12,39,0,53,97,1
64,97,0,23,39,1,90,61,0,72,27,0
22,34,1,50,63,0,59,76,0,49,74,0
36,46,1,55,53,1,17,48,0,25,71,1
66,62,1,54,46,0,51,51,0,74,26,0
49,40,0,68,28,1,11,35,1,31,13,0
80,38,1,31,39,0,53,27,0,69,91,1
24,23,1,52,11,0,27,24,0,94,43,0
95,98,0,26,41,1,78,94,1,64,38,0
40,85,1,85,94,0,44,73,1,87,10,0
81,26,0,39,54,0,36,52,1,64,45,0
32,62,1,76,100,0,62,38,1,32,69,0
70,75,1,47,11,0,29,12,1,19,65,0
81,51,1,94,11,0,36,66,0,72,93,1
50,56,0,31,96,1,86,46,0,40,14,1
81,78,0,74,85,0,62,33,1,49,29,1
67,18,0,58,82,0,54,91,0,26,13,0
43,53,1,38,54,1,75,98,0,55,55,1
25,83,0,41,53,0,28,99,0,93,68,1
56,54,1,80,82,0,69,57,0,66,72,1
94,96,1,44,97,1,36,50,1,86,67,0
53,47,0,71,22,0,38,32,1,40,11,0
36,88,0,95,47,0,54,74,0,59,76,1
94,86,0,60,12,1,81,40,0,72,60,1
68,55,0,20,97,0,33,98,0,81,61,0
41,91,0,61,16,0,57,26,0,73,15,0
72,78,0,35,42,1,86,17,0,68,42,0
41,39,1,31,30,0,79,35,1,40,91,1
52,60,0,58,45,0,61,97,1,12,28,1
40,31,1,23,45,1,60,60,0,83,45,1
82,96,0,57,90,0,62,25,1,73,46,1
58,26,0,42,61,0,10,77,1,18,35,0
64,98,1,56,34,0,52,54,0,76,22,1
90,70,1,74,35,0,75,78,1,80,90,0
79,10,0,58,40,0,19,83,0,54,11,1
65,19,1,65,61,1,63,87,0,42,17,1
57,71,0,89,60,0,29,80,1,32,33,0
11,85,0,57,97,1,85,85,0,95,86,0
19,46,0,79,35,0,35,16,0,68,81,1
21,16,0,25,14,0,45,16,0,92,40,0
68,93,0,24,83,0,67,64,1,82,31,1
37,74,0,49,63,1,99,61,0,88,72,0
70,56,1,100,95,0,12,27,1,37,10,0
19,97,0,16,17,0,41,74,1,11,68,0
89,35,0,92,33,1,65,57,1,16,88,1
94,11,0,15,66,0,86,70,0,77,30,1
90,47,0,89,52,1,41,72,1,93,93,0
31,77,0,73,76,0,73,43,0,59,19,1
52,70,1,98,13,0,41,71,0,81,24,0
44,86,1,56,11,1,22,70,0,82,92,1
12,67,1,88,42,0,56,88,0,45,96,1
42,21,0,28,68,0,73,40,1,30,32,1
77,33,0,45,35,1,82,21,0,73,34,0
16,17,1,48,74,0,60,18,0,53,87,1
20,41,1,54,71,1,85,92,0,31,40,0
54,39,1,36,64,1,43,38,0,77,98,0
86,55,0,68,60,1,37,30,0,96,51,0
46,85,0,32,64,0,20,69,0,100,70,0
79,95,0,24,59,0,98,40,1,29,91,1
28,39,0,71,46,1,63,95,0,61,13,1
81,23,1,55,30,1,41,69,1,15,53,0
70,56,0,91,38,0,27,90,0,66,50,1
71,28,0,87,94,1,79,58,1,25,43,0
39,34,0,27,70,1,41,24,1,35,76,0
47,100,0,59,19,1,59,73,1,89,99,0
52,49,1,98,86,1,61,80,0,96,36,0
89,17,1,17,71,0,84,54,1,59,93,1
55,81,0,64,89,1,58,72,1,24,75,1
33,88,1,81,90,0,80,94,0,31,39,1
43,62,1,53,79,1,38,43,1,79,44,1
13,96,0,16,77,0,97,12,1,71,66,1
64,46,0,74,57,1,40,22,0,30,57,1
58,40,1,23,45,0,78,61,1,47,49,0
56,75,1,55,61,0,34,39,1,12,32,1
34,67,0,86,89,1,47,90,1,16,65,1
77,65,0,98,21,0,72,48,1,45,58,0
42,66,0,39,55,1,26,46,1,25,34,1
17,34,1,86,89,0,30,52,0,12,76,0
23,76,0,23,64,0,32,91,1,27,37,1
37,42,0,96,89,0,73,10,0,46,74,0
22,78,0,77,46,0,89,50,0,15,50,0
49,31,1,22,95,1,69,66,0,32,34,1
26,95,1,16,52,1,79,89,1,68,99,1
38,48,1,85,43,0,16,58,0,17,85,0
70,49,1,34,19,1,23,73,0,29,90,1
35,24,1,12,94,0,99,21,1,63,11,1
20,78,1,15,27,0,79,42,0,51,24,0
14,18,0,42,93,0,61,73,1,90,75,1
69,61,0,95,38,1,25,24,1,66,94,1
45,59,0,32,98,0,75,27,0,92,31,1
68,78,1,36,44,0,52,98,0,74,22,1
54,67,1,98,31,0,84,45,0,75,46,0
10,23,1,57,35,1,63,37,0,31,88,0
37,31,1,61,76,1,37,66,0,50,92,0
52,60,0,35,99,0,59,21,1,75,10,0
50,93,0,43,67,0,36,35,1,52,77,0
14,55,1,52,47,0,95,43,0,94,75,1
91,63,1,57,17,0,83,16,0,68,25,1
24,26,1,66,13,0,88,58,0,100,17,0
51,24,0,72,48,1,13,55,0,57,88,1
16,58,0,74,60,1,50,30,1,36,83,1
83,27,1,100,87,0,24,32,1,56,69,1
52,96,0,48,99,0,16,16,0,80,75,1
67,35,0,83,99,1,46,41,1,80,36,1
50,26,0,44,59,1,78,82,0,88,66,0
34,54,0,14,50,0,28,45,0,14,32,0
12,16,0,61,38,0,22,93,1,37,10,1
13,11,0,71,68,0,89,73,1,73,66,1
38,85,0,10,27,1,35,92,0,28,24,1
19,66,0,69,60,0,38,95,0,81,75,0
35,63,1,69,24,1,33,29,0,18,61,1
64,86,1,88,47,0,96,60,1,90,32,0
100,74,1,53,87,1,93,51,1,83,69,0
11,48,0,16,44,1,14,26,1,95,96,1
97,24,1,40,48,1,19,12,0,23,20,0
17,10,0,24,92,1,74,37,0,89,97,1
55,82,1,18,36,0,57,67,1,11,49,1
41,37,1,46,65,0,89,89,1,16,98,1
61,71,1,76,15,0,27,19,0,76,93,1
59,33,0,39,85,1,85,28,1,12,28,1
92,46,0,27,24,0,56,21,0,43,95,1
80,74,0,47,23,0,13,43,0,88,67,0
67,48,1,59,30,0,61,46,1,19,15,0
69,66,0,84,79,0,35,98,0,84,78,0
95,41,0,70,19,1,26,55,1,70,58,1
13,97,1,54,17,0,29,87,0,34,79,1
95,81,1,79,63,1,37,90,1,93,10,0
95,64,1,63,45,1,18,65,0,100,31,0
55,27,0,19,88,0,71,93,1,22,64,0
86,62,1,79,62,0,10,14,1,66,16,1
90,96,0,10,21,0,35,64,0,38,100,0
26,79,1,49,10,1,75,29,0,52,77,1
56,47,1,51,29,1,37,66,0,95,86,1
61,93,1,26,91,1,54,22,0,50,60,0
27,76,1,98,36,1,57,65,1,46,81,1
42,24,1,85,34,0,50,41,0,51,78,1
86,71,1,14,46,1,77,87,0,91,14,1
32,71,1,66,27,1,61,26,1,35,53,1
70,82,0,84,49,0,90,35,1,71,11,0
34,62,1,76,72,0,97,24,0,95,77,0
83,49,1,55,96,0,86,83,1,23,75,1
94,14,1,85,13,0,69,10,1,92,78,1
92,39,1,66,95,1,51,35,0,48,75,0
30,29,1,20,99,1,45,39,0,43,68,1
65,13,1,55,43,0,22,42,0,18,56,0
15,91,1,29,64,1,29,90,1,67,72,1
22,86,1,16,87,0,61,16,1,85,13,0
51,97,1,38,50,0,36,25,1,42,38,0
68,48,0,37,54,1,11,74,1,13,65,0
21,47,0,90,16,1,62,71,0,69,14,0
23,73,1,99,43,1,35,78,1,13,57,1
58,45,0,47,89,1,95,22,0,94,37,1
52,89,1,74,83,0,100,67,1,16,41,0
39,62,0,53,23,1,15,51,0,72,78,1
18,29,1,62,81,1,36,96,1,98,44,1
14,18,1,59,23,0,88,70,1,63,54,1
66,81,0,61,74,1,31,96,1,59,38,0
57,82,1,75,45,1,68,21,1,66,87,1
79,21,0,58,34,0,85,24,0,91,68,0
85,57,0,26,87,0,79,85,0,84,63,0
41,63,1,47,53,0,53,65,1,75,66,0
12,58,1,54,84,1,36,83,0,17,63,1
53,81,0,98,62,0,64,45,1,29,80,0
36,93,0,94,69,1,68,17,1,89,25,0
21,56,0,16,51,0,89,14,1,88,20,1
85,87,0,76,32,0,40,47,0,99,56,0
50,84,1,48,42,1,88,53,0,66,71,0
78,27,0,93,78,0,76,75,0,86,17,0
55,45,0,100,10,1,90,23,1,16,90,1
47,71,0,69,31,1,87,67,0,57,86,1
83,81,1,61,52,0,35,23,1,23,13,1
72,46,1,87,47,1,79,76,1,94,97,0
37,18,0,98,21,1,12,67,0,69,37,1
48,61,1,32,29,0,24,63,1,21,12,0
55,42,0,98,33,1,69,29,1,24,46,1
50,18,1,32,65,1,100,70,0,43,52,0
76,42,0,58,60,0,75,13,0,48,12,0
50,86,0,37,92,1,54,92,0,95,85,0
47,68,0,68,46,0,93,22,1,89,15,0
14,92,1,88,93,0,38,36,1,16,21,0
14,54,0,75,76,1,63,63,1,75,71,1
96,81,0,15,54,1,88,59,0,97,73,0
18,75,0,92,80,1,75,59,1,29,74,1
65,13,1,98,98,1,38,67,0,79,41,0
44,25,0,84,53,1,82,92,1,30,40,1
46,53,1,73,69,1,72,31,0,74,99,0
28,28,1,72,68,1,74,58,1,27,82,0
45,83,1,43,29,1,16,39,0,12,14,1
75,57,0,12,10,1,28,19,0,48,71,0
95,85,1,42,74,0,74,82,0,86,44,1
94,71,1,52,62,1,73,21,1,10,48,0
79,47,1,62,68,0,64,73,0,82,50,0
62,70,1,95,29,0,21,11,0,95,15,1
47,37,1,96,26,1,50,59,1,31,72,0
11,90,0,82,47,1,19,94,0,74,20,1
91,20,1,87,79,0,15,74,0,46,51,1
87,52,0,89,90,0,37,27,1,16,11,1
100,82,1,93,30,0,39,99,1,64,62,0
58,47,0,35,75,0,24,92,1,29,53,0
24,26,0,57,22,0,37,47,1,98,30,1
80,24,1,74,96,1,19,89,1,49,42,0
84,40,0,95,38,1,18,88,1,60,54,1
65,48,1,52,97,1,41,45,0,33,28,1
25,94,1,20,50,1,17,60,0,22,100,0
46,34,1,98,66,1,96,78,0,11,84,1
97,57,0,59,41,0,11,58,1,34,79,1
45,54,0,60,66,0,66,51,0,48,65,0
12,28,0,20,78,0,18,93,0,73,64,1
73,58,0,76,37,1,85,36,1,38,100,1
91,63,0,62,82,1,100,93,0,13,56,0
13,70,1,71,67,1,13,98,0,48,96,1
80,59,0,29,50,0,28,97,1,39,32,0
53,73,1,69,74,0,11,64,1,44,50,1
47,78,1,74,86,1,73,66,1,65,98,1
87,89,0,72,22,0,61,68,1,72,21,1
55,59,0,65,77,1,98,45,0,13,78,0
57,78,1,63,83,1,32,17,0,40,76,0
86,27,0,62,20,1,94,14,0,53,72,1
55,73,1,26,36,0,22,95,1,73,81,0
100,91,0,69,47,1,57,40,1,24,50,1
97,80,1,70,72,0,79,13,0,41,48,1
21,33,1,12,98,1,92,29,1,53,45,1
46,80,0,58,70,0,45,23,1,35,37,1
95,37,1,17,85,0,11,58,1,24,93,0
46,58,1,15,31,0,41,97,0,25,96,0
79,82,0,50,82,1,79,63,1,12,61,1
57,37,0,71,49,0,97,57,1,77,68,1
79,40,1,87,48,0,29,47,0,63,63,0
72,22,1,78,85,0,28,55,1,29,64,1
54,33,0,84,53,0,49,43,1,49,11,1
80,36,1,27,32,1,29,54,0,75,95,1
58,11,0,57,87,0,73,56,1,66,85,1
69,44,1,48,95,0,22,47,1,24,44,0
37,76,0,46,79,1,44,92,1,74,59,0
85,12,0,83,38,1,39,24,0,85,57,0
20,59,1,92,87,0,81,98,1,23,57,1
11,85,0,50,70,0,73,25,0,21,58,1
55,34,0,22,14,0,64,54,0,13,84,0
48,52,1,13,83,0,63,22,1,32,56,0
22,99,1,86,80,1,77,77,0,33,47,0
96,46,0,59,58,0,47,40,1,70,48,1
16,28,0,68,39,1,83,24,1,81,58,1
40,97,0,51,20,0,93,16,0,67,45,1
45,48,1,83,100,1,39,75,1,41,53,0
96,39,0,84,56,0,13,17,0,25,24,1
94,42,1,13,72,1,25,12,0,46,44,0
70,60,1,55,43,0,91,13,0,94,10,1
81,75,0,45,74,1,19,39,1,76,85,0
29,34,0,52,27,1,33,91,0,45,51,1
99,66,0,77,94,0,46,61,0,25,21,1
34,18,1,88,87,0,77,31,0,84,40,1
44,22,1,13,59,1,54,34,0,94,51,1
11,78,1,36,32,0,40,94,1,39,80,1
78,55,0,48,93,1,17,57,0,19,50,0
11,14,1,48,70,1,33,85,0,89,28,0
40,79,0,76,41,0,82,73,1,98,40,1
32,30,0,56,28,1,13,76,1,86,78,0
85,22,1,67,13,1,51,53,1,96,88,1
63,28,1,33,24,1,22,70,0,79,93,1
30,20,1,11,89,1,20,69,0,82,29,1
11,24,1,85,63,1,26,40,1,59,77,1
38,17,1,62,16,1,57,30,0,21,66,0
19,54,0,50,84,1,61,90,0,55,32,0
100,80,0,82,67,1,87,44,1,98,57,0
16,54,0,41,71,1,19,34,0,67,29,1
53,41,1,48,93,1,10,53,0,25,51,0
99,83,0,15,32,0,38,46,0,66,99,0
65,18,1,52,77,0,53,59,1,40,84,0
73,36,1,33,63,0,47,86,1,22,23,0
49,43,0,27,76,0,86,41,0,54,41,0
49,92,0,59,46,1,69,53,0,24,43,1
67,45,0,100,88,0,96,100,0,21,76,1
40,91,1,98,10,1,75,81,0,64,54,1
72,81,0,74,51,1,64,15,0,23,45,1
39,59,0,58,67,0,72,98,0,46,40,1
44,64,0,41,77,1,15,67,1,19,57,0
83,29,0,15,64,0,19,72,0,84,26,1
93,15,1,55,39,0,55,48,1,67,82,1
64,60,1,97,38,1,12,28,1,19,51,0
59,84,1,25,59,1,30,45,0,38,39,1
23,39,1,29,65,0,86,21,1,24,47,0
81,36,0,48,73,1,48,75,0,69,74,1
63,62,0,85,17,0,90,51,1,95,80,0
85,41,0,100,34,1,98,81,1,95,96,0
93,85,1,20,63,1,71,99,1,22,82,0
98,23,0,35,60,1,49,12,0,73,87,0
28,21,1,64,45,1,56,22,1,87,29,0
42,68,1,37,78,0,32,72,0,82,93,0
71,70,1,73,67,0,98,90,1,72,84,0
13,83,0,36,52,1,68,42,1,67,40,1
45,61,0,78,97,1,87,40,0,15,18,0
17,76,0,70,80,1,11,12,1,68,39,1
64,45,0,18,77,0,82,48,0,92,94,1
60,50,1,89,33,0,13,40,1,43,51,0
77,34,0,30,95,0,13,52,1,62,15,0
29,97,0,92,29,1,97,43,0,52,56,1
41,38,1,81,62,0,19,84,1,44,73,1
85,97,0,93,48,0,47,70,0,17,73,0
22,10,1,64,61,1,68,62,0,31,79,0
76,36,0,48,43,0,61,46,0,21,68,0
33,52,1,56,36,1,10,49,1,71,14,1
14,75,1,73,31,1,18,65,0,41,15,0
54,84,0,76,11,1,61,70,0,70,85,0
72,89,0,37,81,1,21,19,0,58,16,0
41,12,0,62,80,1,99,79,0,86,22,0
59,99,1,61,24,0,70,10,1,55,42,1
13,10,1,24,88,1,25,81,1,67,27,1
22,49,0,32,55,1,79,38,0,28,19,0
10,79,0,38,81,1,27,48,0,61,46,0
84,16,1,60,91,0,75,24,1,93,77,0
20,13,0,52,41,0,38,72,1,84,11,1
63,21,1,88,48,1,95,27,1,95,12,1
38,49,0,58,26,1,19,20,0,96,49,1
86,63,0,28,66,1,70,23,0,20,12,0
87,82,0,69,70,1,42,18,1,31,55,1
65,31,1,56,49,1,23,73,1,49,84,0
73,55,0,24,52,0,24,67,1,35,59,1
71,57,1,37,82,0,29,48,1,37,93,0
16,91,0,100,55,0,91,22,1,71,58,1
72,50,0,44,30,1,36,31,0,45,60,1
74,35,0,18,62,0,65,68,1,18,69,1
22,76,1,52,39,1,91,92,1,88,63,1
57,76,1,36,21,1,29,73,1,38,60,1
15,69,1,14,70,1,81,12,0,24,94,1
28,83,0,80,11,1,70,17,1,33,63,1
33,29,1,15,39,1,64,60,1,84,37,0
12,62,0,12,65,0,34,60,1,86,39,0
25,62,0,71,93,1,18,34,0,95,74,0
44,20,1,98,24,0,40,66,1,96,72,0
74,32,1,53,46,0,96,34,0,33,52,1
54,32,0,30,70,1,47,81,1,85,81,0
16,83,0,60,31,0,39,85,1,95,77,0
41,14,1,87,20,1,30,83,0,91,17,0
15,41,1,67,51,0,29,67,1,79,17,0
72,48,0,80,45,1,69,21,1,58,74,1
14,36,0,31,89,0,31,51,0,25,26,1
90,75,0,66,17,1,27,97,1,76,57,1
96,62,1,25,74,1,40,80,1,98,49,0
22,15,1,90,59,0,55,82,1,12,63,0
32,70,1,57,19,1,100,24,0,50,56,1
32,95,1,97,92,0,93,43,0,34,60,1
59,18,0,20,66,1,97,24,1,48,63,0
30,10,1,33,33,0,55,45,0,93,86,0
61,99,1,40,55,1,57,74,0,100,11,1
16,29,1,43,37,1,49,64,1,96,87,1
77,68,1,91,99,1,88,33,0,80,55,1
89,78,1,36,15,0,41,52,0,18,77,0
45,59,1,44,44,1,27,54,0,69,31,0
75,40,0,80,14,1,81,31,0,34,75,1
29,26,0,77,94,1,47,71,1,52,29,0
91,77,1,67,23,1,27,14,1,40,47,0
49,25,1,55,21,1,15,99,1,71,22,0
81,79,0,47,80,0,20,79,0,45,84,0
88,100,0,49,60,1,59,29,0,98,71,1
95,20,1,67,48,0,89,49,0,20,96,1
20,99,0,16,28,1,37,80,1,75,37,0
11,97,0,27,25,0,58,73,1,38,73,1
47,19,1,84,48,1,11,86,1,32,99,1
45,49,1,93,49,1,44,17,0,74,26,0
91,39,1,46,69,0,11,81,0,49,85,1
45,71,1,55,88,1,15,64,1,62,91,1
99,86,0,55,94,1,67,56,0,30,98,1
22,27,0,73,68,0,63,66,0,79,12,0
83,70,1,70,24,0,46,76,1,66,39,0
13,54,1,39,64,1,97,13,1,71,97,1
83,46,0,88,43,0,27,35,0,89,34,1
21,77,0,27,43,0,45,100,1,89,95,0
87,100,1,17,87,0,14,39,0,44,11,1
66,85,1,38,73,1,71,68,0,50,48,1
36,10,1,70,14,1,86,33,0,96,66,1
44,57,0,42,43,1,31,79,1,12,76,1
84,46,0,34,51,1,14,92,1,13,25,1
55,94,0,40,82,0,34,97,0,84,94,0
58,48,1,24,35,1,81,49,1,72,99,0
14,77,0,39,11,1,39,48,1,84,87,1
63,91,0,61,62,1,15,86,1,29,25,1
36,81,0,10,61,0,32,28,0,65,65,0
74,41,1,96,62,0,51,69,1,54,44,0
67,30,0,94,40,0,35,71,0,96,91,0
41,28,1,99,86,1,37,78,0,95,63,0
49,33,1,68,69,1,85,21,0,78,81,1
77,29,0,79,45,0,32,74,1,43,42,1
16,53,0,58,83,1,35,91,1,99,50,1
54,24,1,44,97,0,63,79,1,10,48,1
20,47,0,77,81,0,17,36,1,57,80,0
21,87,0,16,53,1,57,44,1,97,20,0
88,47,1,61,72,0,79,28,0,30,90,0
47,79,1,76,98,0,67,18,1,26,62,0
88,80,0,43,47,1,93,22,1,92,25,1
13,79,0,99,28,0,53,86,1,26,51,1
80,93,1,33,10,1,52,14,0,36,24,1
33,78,1,54,44,0,87,28,1,98,29,1
79,76,1,32,19,1,66,53,0,36,13,0
12,68,0,55,89,0,52,99,1,35,85,0
45,32,1,16,13,1,35,36,1,26,12,1
56,82,0,35,11,1,57,27,1,100,61,1
86,24,1,50,30,0,17,17,0,13,52,1
61,85,1,26,20,0,45,14,0,19,35,1
73,81,1,54,41,1,19,48,1,60,77,1
76,29,0,99,86,0,74,50,1,57,85,0
44,44,0,39,37,1,67,79,1,61,15,1
33,45,0,59,64,1,73,96,0,68,68,0
96,57,1,37,84,0,45,85,1,61,99,0
37,99,1,28,16,0,67,84,0,52,55,1
27,70,0,49,77,0,60,68,0,40,38,1
57,38,1,67,68,0,42,89,0,63,74,0
34,25,1,70,25,0,44,49,1,10,59,1
26,63,0,17,37,0,40,30,0,60,27,1
74,52,1,62,30,1,75,49,1,64,77,0
17,34,1,57,53,0,20,73,0,34,32,0
95,49,1,69,51,0,13,61,1,41,32,0
82,16,1,38,64,1,51,58,0,57,78,1
24,81,0,62,83,0,28,54,1,88,93,1
88,19,0,17,26,1,20,19,0,45,69,0
41,71,0,96,34,0,39,79,1,37,87,1
45,18,0,12,100,0,72,60,0,56,20,1
