x0,w0,h0,x1,w1,h1,x2,w2,h2,x3,w3,h3
0,56,56,76,33,76,129,43,100,192,42,50
0,33,26,53,70,93,143,90,93,253,54,75
0,63,61,83,66,47,169,79,89,268,67,28
0,23,61,43,31,45,94,58,87,172,80,60
0,50,12,70,13,72,103,65,85,188,50,32
0,54,99,74,85,65,179,95,87,294,23,29
0,100,72,120,27,34,167,15,34,202,86,76
0,82,91,102,27,72,149,29,61,198,62,61
0,93,59,113,36,36,169,20,18,209,95,39
0,59,50,79,48,10,147,97,15,264,91,25
0,25,39,45,96,32,161,30,16,211,14,13
0,64,76,84,78,42,182,92,31,294,15,91
0,47,33,67,74,34,161,52,35,233,20,38
0,33,41,53,73,55,146,72,80,238,17,78
0,77,99,97,79,16,196,91,87,307,16,69
0,71,99,91,20,75,131,54,98,205,77,30
0,24,27,44,66,73,130,30,89,180,100,85
0,98,13,118,100,40,238,29,74,287,97,15
0,54,31,74,100,60,194,61,33,275,59,93
0,87,79,107,16,29,143,67,24,230,18,88
0,32,75,52,85,27,157,42,26,219,10,79
0,65,32,85,86,86,191,37,56,248,53,98
0,25,50,45,47,29,112,21,56,153,36,14
0,49,95,69,14,96,103,10,83,133,40,41
0,86,62,106,49,82,175,50,91,245,95,28
0,62,56,82,16,59,118,84,81,222,20,30
0,65,19,85,80,34,185,59,88,264,36,37
0,97,33,117,77,31,214,27,93,261,58,45
0,17,16,37,81,64,138,29,18,187,31,87
0,82,46,102,84,77,206,95,39,321,99,87
0,76,99,96,53,82,169,93,45,282,73,34
0,26,75,46,24,72,90,30,86,140,62,26
0,91,98,111,68,90,199,82,35,301,55,19
0,24,21,44,56,28,120,56,82,196,81,86
0,100,65,120,65,64,205,14,75,239,40,41
0,59,95,79,54,30,153,30,63,203,85,71
0,10,13,30,10,27,60,23,74,103,75,52
0,88,69,108,71,18,199,19,71,238,43,40
0,43,41,63,22,100,105,41,50,166,15,51
0,92,68,112,33,40,165,95,17,280,46,80
0,90,12,110,57,86,187,63,74,270,52,73
0,85,83,105,66,43,191,59,49,270,23,76
0,83,100,103,12,76,135,91,18,246,24,92
0,38,91,58,67,76,145,46,67,211,17,38
0,21,64,41,38,48,99,21,43,140,14,74
0,18,34,38,28,93,86,45,85,151,99,54
0,48,100,68,81,74,169,64,67,253,91,52
0,75,96,95,45,13,160,75,60,255,97,79
0,71,47,91,76,67,187,76,93,283,60,67
0,89,28,109,12,94,141,70,18,231,100,83
0,86,70,106,79,48,205,64,17,289,54,30
0,26,38,46,27,27,93,27,58,140,54,12
0,95,36,115,83,43,218,73,63,311,96,44
0,88,36,108,100,98,228,63,83,311,66,89
0,29,46,49,34,24,103,99,87,222,38,98
0,11,32,31,97,73,148,14,18,182,15,83
0,69,50,89,29,80,138,29,39,187,91,58
0,37,43,57,30,74,107,44,14,171,22,62
0,79,15,99,14,90,133,35,42,188,14,79
0,65,34,85,97,84,202,18,97,240,72,32
0,10,93,30,71,66,121,46,69,187,27,53
0,50,59,70,30,22,120,86,57,226,32,98
0,84,14,104,13,55,137,33,19,190,45,62
0,21,39,41,42,22,103,26,25,149,18,58
0,56,81,76,80,54,176,12,62,208,96,16
0,64,31,84,55,57,159,93,54,272,45,46
0,94,86,114,33,33,167,74,28,261,21,49
0,83,40,103,12,68,135,35,76,190,61,40
0,54,49,74,51,73,145,24,37,189,57,73
0,82,68,102,53,34,175,58,52,253,70,39
0,56,11,76,86,15,182,92,78,294,93,86
0,89,40,109,12,10,141,63,37,224,74,25
0,34,68,54,85,87,159,44,80,223,39,85
0,56,31,76,56,51,152,48,46,220,43,77
0,97,92,117,46,54,183,95,71,298,18,70
0,46,91,66,83,53,169,100,65,289,85,65
0,87,90,107,63,61,190,53,73,263,33,35
0,27,65,47,76,52,143,25,16,188,97,40
0,48,19,68,58,88,146,94,36,260,90,95
0,81,86,101,54,13,175,75,16,270,39,44
0,67,56,87,97,86,204,12,36,236,73,51
0,20,32,40,35,44,95,73,39,188,100,76
0,61,94,81,52,91,153,58,65,231,27,73
0,21,24,41,56,64,117,70,75,207,16,29
0,26,75,46,89,62,155,42,58,217,76,66
0,40,11,60,20,55,100,15,34,135,95,15
0,67,69,87,10,86,117,50,67,187,85,45
0,87,49,107,47,76,174,93,58,287,60,18
0,91,21,111,40,83,171,41,50,232,12,15
0,79,38,99,67,22,186,91,16,297,28,83
0,38,100,58,71,92,149,63,74,232,75,15
0,60,18,80,66,58,166,67,83,253,67,86
0,73,95,93,35,82,148,59,52,227,38,27
0,18,98,38,68,92,126,90,15,236,35,63
0,47,73,67,98,46,185,30,31,235,58,51
0,32,63,52,78,92,150,92,71,262,39,38
0,45,20,65,12,51,97,76,60,193,26,97
0,95,70,115,41,16,176,85,19,281,67,12
0,57,48,77,88,90,185,83,95,288,52,48
0,14,88,34,94,50,148,90,11,258,77,29
0,18,43,38,99,59,157,55,51,232,80,52
0,99,12,119,89,39,228,39,72,287,17,52
0,70,69,90,79,91,189,64,56,273,90,89
0,67,17,87,77,95,184,94,45,298,28,79
0,54,46,74,72,29,166,86,66,272,15,73
0,79,82,99,15,16,134,96,18,250,100,86
0,76,80,96,72,51,188,23,18,231,85,76
0,16,49,36,75,44,131,34,34,185,65,69
0,12,63,32,86,31,138,44,59,202,73,98
0,36,46,56,41,50,117,31,97,168,52,91
0,51,89,71,47,34,138,15,59,173,92,17
0,65,96,85,55,74,160,25,98,205,81,81
0,16,44,36,54,49,110,46,37,176,45,29
0,33,54,53,15,10,88,84,14,192,70,96
0,31,97,51,15,39,86,31,84,137,53,69
0,68,34,88,90,91,198,24,78,242,63,57
0,93,66,113,52,77,185,59,65,264,61,15
0,12,59,32,64,43,116,17,69,153,54,51
0,87,80,107,29,61,156,19,58,195,32,46
0,64,50,84,98,39,202,26,41,248,34,98
0,43,18,63,72,22,155,61,99,236,76,29
0,38,71,58,40,48,118,23,37,161,99,38
0,38,29,58,78,91,156,66,70,242,28,36
0,91,28,111,44,53,175,32,71,227,85,23
0,63,19,83,17,75,120,77,58,217,52,98
0,34,86,54,46,64,120,19,29,159,51,97
0,23,38,43,50,81,113,55,59,188,33,28
0,39,54,59,33,60,112,54,47,186,86,52
0,20,16,40,30,37,90,78,86,188,22,24
0,88,46,108,35,57,163,74,43,257,42,26
0,99,57,119,77,51,216,44,42,280,90,37
0,94,11,114,91,48,225,40,53,285,29,52
0,13,18,33,44,95,97,62,66,179,90,65
0,49,26,69,78,100,167,100,74,287,53,68
0,10,40,30,98,19,148,29,28,197,14,60
0,21,85,41,18,74,79,28,97,127,51,71
0,57,84,77,56,50,153,85,25,258,13,54
0,76,75,96,46,36,162,92,20,274,57,34
0,19,22,39,91,29,150,17,90,187,30,95
0,14,11,34,33,56,87,38,62,145,32,42
0,37,57,57,81,64,158,64,90,242,40,78
0,40,78,60,75,91,155,51,17,226,92,39
0,44,56,64,52,98,136,55,37,211,14,79
0,83,99,103,81,59,204,21,72,245,86,49
0,96,48,116,48,22,184,32,70,236,68,66
0,81,59,101,59,83,180,79,91,279,32,54
0,29,40,49,100,60,169,75,26,264,84,35
0,24,63,44,67,42,131,23,98,174,88,22
0,84,80,104,18,72,142,62,98,224,28,13
0,34,54,54,50,78,124,61,68,205,41,26
0,42,25,62,12,17,94,25,12,139,24,72
0,13,45,33,50,80,103,62,16,185,91,79
0,11,75,31,72,52,123,58,55,201,48,63
0,87,53,107,95,80,222,22,60,264,31,18
0,23,37,43,58,70,121,25,83,166,18,95
0,68,67,88,87,37,195,45,29,260,72,42
0,45,61,65,64,50,149,23,28,192,34,40
0,94,20,114,90,72,224,65,74,309,97,25
0,28,22,48,85,33,153,29,55,202,45,47
0,12,57,32,89,98,141,54,28,215,35,82
0,61,82,81,50,38,151,99,91,270,10,68
0,16,26,36,38,13,94,44,82,158,23,77
0,30,37,50,29,90,99,26,28,145,83,28
0,39,89,59,68,69,147,17,68,184,65,43
0,42,21,62,60,44,142,60,26,222,68,90
0,75,36,95,11,21,126,32,22,178,56,63
0,83,45,103,36,93,159,48,95,227,46,33
0,39,93,59,87,80,166,25,26,211,80,25
0,52,47,72,83,98,175,84,15,279,33,84
0,36,22,56,41,92,117,77,32,214,48,92
0,76,99,96,53,75,169,76,21,265,13,89
0,73,58,93,85,64,198,62,10,280,28,35
0,10,97,30,80,66,130,74,17,224,41,58
0,46,48,66,95,51,181,22,27,223,66,84
0,74,64,94,81,60,195,14,28,229,45,50
0,71,98,91,41,54,152,20,72,192,71,59
0,37,13,57,55,65,132,99,21,251,47,58
0,73,38,93,72,21,185,32,33,237,20,89
0,64,12,84,16,54,120,39,61,179,97,73
0,64,98,84,97,36,201,92,21,313,49,13
0,60,97,80,87,74,187,100,97,307,12,61
0,36,34,56,94,70,170,32,46,222,35,93
0,27,75,47,24,50,91,89,21,200,90,34
0,44,39,64,15,95,99,85,71,204,55,58
0,75,79,95,49,30,164,89,94,273,92,98
0,34,30,54,88,12,162,95,11,277,90,11
0,49,82,69,46,65,135,77,56,232,47,20
0,32,98,52,38,84,110,72,83,202,64,17
0,49,74,69,85,35,174,85,34,279,42,69
0,69,85,89,72,19,181,96,45,297,95,80
0,60,28,80,90,36,190,79,20,289,21,70
0,29,47,49,39,93,108,64,29,192,64,96
0,58,98,78,68,87,166,17,43,203,44,52
0,79,37,99,95,14,214,25,35,259,50,72
0,60,73,80,66,80,166,64,25,250,22,77
0,58,17,78,76,93,174,36,39,230,78,21
0,35,63,55,15,45,90,32,25,142,62,50
0,45,85,65,30,75,115,94,67,229,44,33
0,77,78,97,51,69,168,85,36,273,89,21
0,60,91,80,36,85,136,67,37,223,48,29
0,78,57,98,46,50,164,88,39,272,14,26
0,41,82,61,38,86,119,48,27,187,57,15
0,62,20,82,75,74,177,14,76,211,85,17
0,100,25,120,40,52,180,90,29,290,90,33
0,11,86,31,50,62,101,34,98,155,79,33
0,13,58,33,17,64,70,43,55,133,65,20
0,71,29,91,36,49,147,11,74,178,51,46
0,77,58,97,38,21,155,47,28,222,93,55
0,85,42,105,16,59,141,33,18,194,73,59
0,93,56,113,18,96,151,50,67,221,92,58
0,10,43,30,10,12,60,91,73,171,10,71
0,50,52,70,49,58,139,50,22,209,70,17
0,35,69,55,70,19,145,19,85,184,41,33
0,32,88,52,10,40,82,90,22,192,24,36
0,39,75,59,31,28,110,50,27,180,11,41
0,39,18,59,81,45,160,24,63,204,100,71
0,65,85,85,31,79,136,93,53,249,32,36
0,67,12,87,47,86,154,79,70,253,20,96
0,31,22,51,23,27,94,19,34,133,17,39
0,71,18,91,56,20,167,31,21,218,23,79
0,35,22,55,87,39,162,62,77,244,42,66
0,69,57,89,83,74,192,59,45,271,45,93
0,44,11,64,40,78,124,95,70,239,20,39
0,27,36,47,16,84,83,86,57,189,35,37
0,14,90,34,18,23,72,36,35,128,31,64
0,69,84,89,96,40,205,29,14,254,40,37
0,41,39,61,26,35,107,50,29,177,70,18
0,40,99,60,10,18,90,61,76,171,32,61
0,84,10,104,33,13,157,100,46,277,59,11
0,32,17,52,95,21,167,40,28,227,66,40
0,79,89,99,14,86,133,57,18,210,72,79
0,31,57,51,51,24,122,64,98,206,20,61
0,15,50,35,99,62,154,100,79,274,76,97
0,35,21,55,97,77,172,99,91,291,60,36
0,45,22,65,34,88,119,57,12,196,63,12
0,60,37,80,62,55,162,64,48,246,43,23
0,64,72,84,67,31,171,31,67,222,26,75
0,37,21,57,36,74,113,65,43,198,57,75
0,55,72,75,25,98,120,80,81,220,43,66
0,23,62,43,66,42,129,15,94,164,56,59
0,28,58,48,50,41,118,85,61,223,55,59
0,12,99,32,28,53,80,36,30,136,81,20
0,40,26,60,17,76,97,42,40,159,63,64
0,63,75,83,54,24,157,43,76,220,36,16
0,93,65,113,91,88,224,59,21,303,62,26
0,67,29,87,75,51,182,14,52,216,36,54
0,70,79,90,71,53,181,87,58,288,25,61
0,53,22,73,39,93,132,61,25,213,28,17
0,97,28,117,16,17,153,97,20,270,93,35
0,100,37,120,58,23,198,92,74,310,70,31
0,88,40,108,28,54,156,50,54,226,34,87
0,41,27,61,94,61,175,75,10,270,77,58
0,56,70,76,53,55,149,78,80,247,17,52
0,71,44,91,81,13,192,16,53,228,48,61
0,48,29,68,91,23,179,23,73,222,30,48
0,83,21,103,31,63,154,29,63,203,46,30
0,93,57,113,50,47,183,60,36,263,77,62
0,17,16,37,20,40,77,19,46,116,80,56
0,94,17,114,11,87,145,29,83,194,60,42
0,96,56,116,87,27,223,17,32,260,67,47
0,60,97,80,51,63,151,59,31,230,34,10
0,72,16,92,54,62,166,11,20,197,16,56
0,40,15,60,57,24,137,28,93,185,52,91
0,20,14,40,62,53,122,32,28,174,80,80
0,73,12,93,47,56,160,100,89,280,19,26
0,40,76,60,30,14,110,88,72,218,42,74
0,63,34,83,80,96,183,51,75,254,41,84
0,65,38,85,64,67,169,50,98,239,21,98
0,55,73,75,47,55,142,50,87,212,91,60
0,36,32,56,21,78,97,64,78,181,37,55
0,62,10,82,61,70,163,29,49,212,76,52
0,63,80,83,71,99,174,33,88,227,67,27
0,43,17,63,86,42,169,34,62,223,39,55
0,80,38,100,51,26,171,38,94,229,68,96
0,37,82,57,82,12,159,52,19,231,73,30
0,59,72,79,80,76,179,87,28,286,22,77
0,48,24,68,68,39,156,40,29,216,20,94
0,64,50,84,57,40,161,14,54,195,74,60
0,10,66,30,80,87,130,45,27,195,35,51
0,100,76,120,71,22,211,92,71,323,79,50
0,61,75,81,71,61,172,54,50,246,65,97
0,78,28,98,78,57,196,95,13,311,92,15
0,35,75,55,54,48,129,54,29,203,12,63
0,34,69,54,76,85,150,37,67,207,26,40
0,87,42,107,95,94,222,42,82,284,58,52
0,72,19,92,69,55,181,16,77,217,79,25
0,96,31,116,28,77,164,88,84,272,64,12
0,79,54,99,20,59,139,40,53,199,48,90
0,17,97,37,45,51,102,70,81,192,46,60
0,80,18,100,85,85,205,41,94,266,93,29
0,51,23,71,15,66,106,58,23,184,67,10
0,97,99,117,11,91,148,100,98,268,58,78
0,18,95,38,43,42,101,87,22,208,84,79
0,34,69,54,100,33,174,56,35,250,31,93
0,70,46,90,74,33,184,26,95,230,59,75
0,19,49,39,19,48,78,96,36,194,30,83
0,38,65,58,10,16,88,62,99,170,15,15
0,85,82,105,73,31,198,42,85,260,87,70
0,49,61,69,32,14,121,98,34,239,49,14
0,15,17,35,19,18,74,68,26,162,88,71
0,74,36,94,16,11,130,32,100,182,38,56
0,55,48,75,65,14,160,21,86,201,30,42
0,99,52,119,12,72,151,26,82,197,46,81
0,26,30,46,27,71,93,27,39,140,88,50
0,35,55,55,63,88,138,32,88,190,65,12
0,10,49,30,53,10,103,86,59,209,39,40
0,75,48,95,80,57,195,98,62,313,94,47
0,23,68,43,28,92,91,27,41,138,20,94
0,97,56,117,38,31,175,18,26,213,51,95
0,73,45,93,47,67,160,73,87,253,51,73
0,90,99,110,100,74,230,36,14,286,13,19
0,73,41,93,87,58,200,11,92,231,40,69
0,74,91,94,98,17,212,22,84,254,22,49
0,74,63,94,51,79,165,20,58,205,98,79
0,98,46,118,79,54,217,25,18,262,90,94
0,98,63,118,44,90,182,88,33,290,20,84
0,92,87,112,14,87,146,45,28,211,42,50
0,24,48,44,71,32,135,31,53,186,38,69
0,86,21,106,75,86,201,14,18,235,74,97
0,35,55,55,45,21,120,85,39,225,12,39
0,15,19,35,28,29,83,85,17,188,47,14
0,31,33,51,27,55,98,39,15,157,71,81
0,85,66,105,52,90,177,36,75,233,94,15
0,18,85,38,19,83,77,22,74,119,90,67
0,30,56,50,65,44,135,78,45,233,47,100
0,87,49,107,60,30,187,61,41,268,92,76
0,22,28,42,82,85,144,56,12,220,21,13
0,70,90,90,75,89,185,33,71,238,98,100
0,48,60,68,35,60,123,73,15,216,90,72
0,89,53,109,28,87,157,86,32,263,28,16
0,84,37,104,69,22,193,79,35,292,52,53
0,37,88,57,52,26,129,92,28,241,41,31
0,94,70,114,58,99,192,48,45,260,57,88
0,32,58,52,71,88,143,69,56,232,94,72
0,20,31,40,18,24,78,32,100,130,29,41
0,70,24,90,47,70,157,17,66,194,60,79
0,57,33,77,33,58,130,17,51,167,48,98
0,15,50,35,48,69,103,33,84,156,28,56
0,25,66,45,93,22,158,68,94,246,23,96
0,89,17,109,84,18,213,67,85,300,23,45
0,71,22,91,94,56,205,15,76,240,91,79
0,24,86,44,44,42,108,25,57,153,58,55
0,54,45,74,46,28,140,43,60,203,66,75
0,67,52,87,33,20,140,26,97,186,41,63
0,95,58,115,46,16,181,41,80,242,36,10
0,25,74,45,93,46,158,47,42,225,80,76
0,64,99,84,22,62,126,33,34,179,21,27
0,52,82,72,23,55,115,27,40,162,100,53
0,72,97,92,60,73,172,28,48,220,43,42
0,42,89,62,10,17,92,48,21,160,28,92
0,88,34,108,69,45,197,39,41,256,50,38
0,56,14,76,71,58,167,70,22,257,52,34
0,42,64,62,23,65,105,44,56,169,70,20
0,70,49,90,88,14,198,33,27,251,56,31
0,22,31,42,14,12,76,45,16,141,20,69
0,73,37,93,14,57,127,78,96,225,92,34
0,16,76,36,77,93,133,19,32,172,59,35
0,76,71,96,21,27,137,27,37,184,77,16
0,29,39,49,29,80,98,21,93,139,56,37
0,45,55,65,12,25,97,85,65,202,74,73
0,48,90,68,45,52,133,93,85,246,82,86
0,87,58,107,59,41,186,38,67,244,26,85
0,75,58,95,34,88,149,54,71,223,17,66
0,62,35,82,90,78,192,50,74,262,42,56
0,49,14,69,31,31,120,78,72,218,39,54
0,47,14,67,50,81,137,26,34,183,70,84
0,68,14,88,51,43,159,13,30,192,34,15
0,56,66,76,79,25,175,26,41,221,21,76
0,74,88,94,92,14,206,32,74,258,29,78
0,45,65,65,90,99,175,10,21,205,71,21
0,12,37,32,83,10,135,23,73,178,48,99
0,86,73,106,42,86,168,10,74,198,92,48
0,94,77,114,61,24,195,84,92,299,55,49
0,85,41,105,24,62,149,25,73,194,29,37
0,58,89,78,47,38,145,81,100,246,68,67
0,43,53,63,58,34,141,81,54,242,21,52
0,95,51,115,87,39,222,61,35,303,26,55
0,72,71,92,56,84,168,50,91,238,34,86
0,13,63,33,45,35,98,39,12,157,99,66
0,79,84,99,21,81,140,42,82,202,10,95
0,58,56,78,81,50,179,47,86,246,42,80
0,82,62,102,32,19,154,24,70,198,42,66
0,23,76,43,83,50,146,27,60,193,34,23
0,42,11,62,75,94,157,91,15,268,55,43
0,30,65,50,27,88,97,88,34,205,15,40
0,87,57,107,90,44,217,98,56,335,19,53
0,48,82,68,86,29,174,38,49,232,44,49
0,91,50,111,45,49,176,27,77,223,89,40
0,11,87,31,67,96,118,18,20,156,32,37
0,53,36,73,97,20,190,56,72,266,79,50
0,52,69,72,27,73,119,35,57,174,62,76
0,57,100,77,38,75,135,55,29,210,20,22
0,46,98,66,71,52,157,75,49,252,100,100
0,54,90,74,25,87,119,62,29,201,45,80
0,100,85,120,38,26,178,44,45,242,46,92
0,83,37,103,21,62,144,17,56,181,38,83
0,11,13,31,31,55,82,65,24,167,50,23
0,66,23,86,65,11,171,43,66,234,77,11
0,73,78,93,10,31,123,85,59,228,78,59
0,33,70,53,14,43,87,63,61,170,23,90
0,16,94,36,40,50,96,12,62,128,100,81
0,23,24,43,78,94,141,52,24,213,58,52
0,23,89,43,67,61,130,96,92,246,68,88
0,21,81,41,89,61,150,53,47,223,69,43
0,42,93,62,74,69,156,36,59,212,84,55
0,100,85,120,82,68,222,35,71,277,71,47
0,25,85,45,28,29,93,58,86,171,53,62
0,88,85,108,19,20,147,34,49,201,68,38
0,99,43,119,91,100,230,99,37,349,70,36
0,24,52,44,57,73,121,46,33,187,41,76
0,91,23,111,61,86,192,48,83,260,45,75
0,69,39,89,26,80,135,89,87,244,27,42
0,48,49,68,46,78,134,76,95,230,68,79
0,19,42,39,60,24,119,44,64,183,59,100
0,40,30,60,84,19,164,28,93,212,54,86
0,89,58,109,63,16,192,49,27,261,51,47
0,98,97,118,30,26,168,30,80,218,28,61
0,20,30,40,59,22,119,91,49,230,62,71
0,90,24,110,100,64,230,47,41,297,76,99
0,76,37,96,63,45,179,65,89,264,63,30
0,99,17,119,96,64,235,99,100,354,70,42
0,15,39,35,76,38,131,69,60,220,86,57
0,18,10,38,28,65,86,33,49,139,41,11
0,87,46,107,37,98,164,32,73,216,13,100
0,85,23,105,37,85,162,76,96,258,53,95
0,51,37,71,64,45,155,90,46,265,42,89
0,33,39,53,51,89,124,21,75,165,46,43
0,98,25,118,49,79,187,97,71,304,54,17
0,26,24,46,27,85,93,85,27,198,11,33
0,65,50,85,74,85,179,15,79,214,81,57
0,95,30,115,88,57,223,83,25,326,63,10
0,86,74,106,79,90,205,57,70,282,80,89
0,47,96,67,95,98,182,33,82,235,89,45
0,18,23,38,17,70,75,33,68,128,14,53
0,57,86,77,64,62,161,85,40,266,45,36
0,90,12,110,24,50,154,13,75,187,35,87
0,89,32,109,32,92,161,15,10,196,71,24
0,67,79,87,71,20,178,63,19,261,18,76
0,23,55,43,95,66,158,39,91,217,32,49
0,67,44,87,69,83,176,72,70,268,71,12
0,35,80,55,86,76,161,69,95,250,97,58
0,83,25,103,25,100,148,46,28,214,66,45
0,87,78,107,63,68,190,17,33,227,48,14
0,68,34,88,18,96,126,85,27,231,96,80
0,69,33,89,30,51,139,36,63,195,20,86
0,45,41,65,78,79,163,11,29,194,15,56
0,46,38,66,50,59,136,43,83,199,93,39
0,37,93,57,49,87,126,55,13,201,80,81
0,68,62,88,31,40,139,49,32,208,32,66
0,89,64,109,25,98,154,84,96,258,61,33
0,27,11,47,44,58,111,60,51,191,10,14
0,95,60,115,22,65,157,69,55,246,67,17
0,81,58,101,52,13,173,20,97,213,83,68
0,19,92,39,75,54,134,71,95,225,91,95
0,19,18,39,72,80,131,59,33,210,47,32
0,38,26,58,15,43,93,57,38,170,56,62
0,47,98,67,46,65,133,100,27,253,52,100
0,53,31,73,50,40,143,60,76,223,29,13
0,15,27,35,72,41,127,35,13,182,85,62
0,85,54,105,82,93,207,66,60,293,59,16
0,78,75,98,56,43,174,54,58,248,69,72
0,75,96,95,48,24,163,78,67,261,73,34
0,79,92,99,58,46,177,78,39,275,33,65
0,55,53,75,61,57,156,98,99,274,22,25
0,64,63,84,99,59,203,69,38,292,61,68
0,73,16,93,37,95,150,89,79,259,87,67
0,38,66,58,65,97,143,29,69,192,31,78
0,77,75,97,24,46,141,55,58,216,81,95
0,31,71,51,97,36,168,28,55,216,87,89
0,86,66,106,70,67,196,93,29,309,61,48
0,57,37,77,16,72,113,37,81,170,14,62
0,78,13,98,75,70,193,14,44,227,14,86
0,56,47,76,60,27,156,68,41,244,10,29
0,62,12,82,47,75,149,73,10,242,24,82
0,97,72,117,73,82,210,36,83,266,24,74
0,55,17,75,44,58,139,52,43,211,60,53
0,36,92,56,44,21,120,85,83,225,21,81
0,26,98,46,34,13,100,44,87,164,42,97
0,23,11,43,58,52,121,51,98,192,19,87
0,20,40,40,23,94,83,57,19,160,11,31
0,98,89,118,20,35,158,30,81,208,90,99
0,20,22,40,51,70,111,25,37,156,18,89
0,100,51,120,91,95,231,14,11,265,20,53
0,32,29,52,47,15,119,43,25,182,36,84
0,74,12,94,59,11,173,56,92,249,34,47
0,48,61,68,51,25,139,20,80,179,13,64
0,99,28,119,37,53,176,22,72,218,80,87
0,87,24,107,41,84,168,19,77,207,81,68
0,17,88,37,85,38,142,17,94,179,85,29
0,86,16,106,30,35,156,78,100,254,56,50
0,47,32,67,28,87,115,17,87,152,66,35
0,25,18,45,22,73,87,12,88,119,12,26
0,33,40,53,98,63,171,55,92,246,47,82
0,71,99,91,60,23,171,46,54,237,35,86
0,30,50,50,93,78,163,59,54,242,83,13
0,91,35,111,75,91,206,79,23,305,39,14
0,62,46,82,37,45,139,20,18,179,40,34
0,62,49,82,75,15,177,98,23,295,35,97
0,60,13,80,26,36,126,49,24,195,18,60
0,99,78,119,21,58,160,14,14,194,64,46
0,29,15,49,27,23,96,36,36,152,32,51
0,62,80,82,45,52,147,31,31,198,22,88
0,75,85,95,91,43,206,18,22,244,26,62
0,100,32,120,84,63,224,14,48,258,59,15
0,99,79,119,72,37,211,81,11,312,44,22
0,46,80,66,22,77,108,59,40,187,96,67
0,30,92,50,75,34,145,14,41,179,44,45
0,51,54,71,50,15,141,50,28,211,82,96
0,12,58,32,51,82,103,77,91,200,32,18
0,30,15,50,40,23,110,66,75,196,83,26
0,61,56,81,58,36,159,21,70,200,46,75
0,89,80,109,33,89,162,99,47,281,80,55
0,45,53,65,39,81,124,40,48,184,92,46
0,44,19,64,98,32,182,33,15,235,100,46
0,99,76,119,27,60,166,61,97,247,30,32
0,76,59,96,68,47,184,37,85,241,63,96
0,93,74,113,44,45,177,13,61,210,92,22
0,52,17,72,74,58,166,10,50,196,96,21
0,48,10,68,57,90,145,15,56,180,28,25
0,53,11,73,70,14,163,13,78,196,27,87
0,44,77,64,69,49,153,40,97,213,96,57
0,89,53,109,45,89,174,52,20,246,69,48
0,28,72,48,89,14,157,37,78,214,20,36
0,24,81,44,84,91,148,21,99,189,55,100
0,45,65,65,93,91,178,85,96,283,26,11
0,49,63,69,82,16,171,89,97,280,67,36
0,29,82,49,44,60,113,88,69,221,64,39
0,81,74,101,56,96,177,49,73,246,51,95
0,96,85,116,34,75,170,45,54,235,44,68
0,84,83,104,96,13,220,53,59,293,68,12
0,80,92,100,87,51,207,40,100,267,47,17
0,49,38,69,89,90,178,100,68,298,85,28
0,15,64,35,38,36,93,75,82,188,43,94
0,55,54,75,70,92,165,86,42,271,56,12
0,70,65,90,70,66,180,62,75,262,18,69
0,46,70,66,67,27,153,30,16,203,97,96
0,94,47,114,12,76,146,89,48,255,65,37
0,59,45,79,69,21,168,51,12,239,52,76
0,73,89,93,10,86,123,13,36,156,30,20
0,59,31,79,32,29,131,15,61,166,87,74
0,48,20,68,13,90,101,10,95,131,14,44
0,66,31,86,70,47,176,69,91,265,21,99
0,97,53,117,26,21,163,87,42,270,73,54
0,47,31,67,60,100,147,100,11,267,60,12
0,56,82,76,95,76,191,96,90,307,82,78
0,38,31,58,81,56,159,88,50,267,62,80
0,50,95,70,50,42,140,15,53,175,91,43
0,54,71,74,87,24,181,21,74,222,99,62
0,90,60,110,59,53,189,48,86,257,86,40
0,59,34,79,19,20,118,40,96,178,43,74
0,10,82,30,21,39,71,68,70,159,41,45
0,79,23,99,80,88,199,56,80,275,70,86
0,42,38,62,60,43,142,95,64,257,25,13
0,99,41,119,34,79,173,33,87,226,70,57
0,76,56,96,18,56,134,61,45,215,54,47
0,46,11,66,36,29,122,62,24,204,94,14
0,59,30,79,35,31,134,71,31,225,92,29
0,15,77,35,47,98,102,94,72,216,85,91
0,90,57,110,90,28,220,44,61,284,88,76
0,51,46,71,74,94,165,99,31,284,68,66
0,72,39,92,77,31,189,47,33,256,24,71
0,72,33,92,21,47,133,47,44,200,67,53
0,36,51,56,94,62,170,43,84,233,47,87
0,47,83,67,83,63,170,14,91,204,71,47
0,76,68,96,41,78,157,48,61,225,10,13
0,86,92,106,36,14,162,88,98,270,44,60
0,81,64,101,62,84,183,75,41,278,24,52
0,41,67,61,34,34,115,46,20,181,72,94
0,67,57,87,88,41,195,81,38,296,23,92
0,76,98,96,87,97,203,11,54,234,42,16
0,19,90,39,83,59,142,91,51,253,14,42
0,26,70,46,41,15,107,69,63,196,54,88
0,34,69,54,12,59,86,44,53,150,82,79
0,88,56,108,68,73,196,77,16,293,38,32
0,22,73,42,99,88,161,12,39,193,97,53
0,64,97,84,39,23,143,90,61,253,72,27
0,34,22,54,50,63,124,59,76,203,49,74
0,46,36,66,53,55,139,17,48,176,71,25
0,62,66,82,54,46,156,51,51,227,74,26
0,49,40,69,28,68,117,35,11,172,31,13
0,38,80,58,31,39,109,53,27,182,91,69
0,23,24,43,52,11,115,27,24,162,94,43
0,95,98,115,41,26,176,94,78,290,64,38
0,85,40,105,85,94,210,73,44,303,87,10
0,81,26,101,39,54,160,52,36,232,64,45
0,62,32,82,76,100,178,38,62,236,32,69
0,75,70,95,47,11,162,12,29,194,19,65
0,51,81,71,94,11,185,36,66,241,93,72
0,50,56,70,96,31,186,86,46,292,14,40
0,81,78,101,74,85,195,33,62,248,29,49
0,67,18,87,58,82,165,54,91,239,26,13
0,53,43,73,54,38,147,75,98,242,55,55
0,25,83,45,41,53,106,28,99,154,68,93
0,54,56,74,80,82,174,69,57,263,72,66
0,96,94,116,97,44,233,50,36,303,86,67
0,53,47,73,71,22,164,32,38,216,40,11
0,36,88,56,95,47,171,54,74,245,76,59
0,94,86,114,12,60,146,81,40,247,60,72
0,68,55,88,20,97,128,33,98,181,81,61
0,41,91,61,61,16,142,57,26,219,73,15
0,72,78,92,42,35,154,86,17,260,68,42
0,39,41,59,31,30,110,35,79,165,91,40
0,52,60,72,58,45,150,97,61,267,28,12
0,31,40,51,45,23,116,60,60,196,45,83
0,82,96,102,57,90,179,25,62,224,46,73
0,58,26,78,42,61,140,77,10,237,18,35
0,98,64,118,56,34,194,52,54,266,22,76
0,70,90,90,74,35,184,78,75,282,80,90
0,79,10,99,58,40,177,19,83,216,11,54
0,19,65,39,61,65,120,63,87,203,17,42
0,57,71,77,89,60,186,80,29,286,32,33
0,11,85,31,97,57,148,85,85,253,95,86
0,19,46,39,79,35,138,35,16,193,81,68
0,21,16,41,25,14,86,45,16,151,92,40
0,68,93,88,24,83,132,64,67,216,31,82
0,37,74,57,63,49,140,99,61,259,88,72
0,56,70,76,100,95,196,27,12,243,37,10
0,19,97,39,16,17,75,74,41,169,11,68
0,89,35,109,33,92,162,57,65,239,88,16
0,94,11,114,15,66,149,86,70,255,30,77
0,90,47,110,52,89,182,72,41,274,93,93
0,31,77,51,73,76,144,73,43,237,19,59
0,70,52,90,98,13,208,41,71,269,81,24
0,86,44,106,11,56,137,22,70,179,92,82
0,67,12,87,88,42,195,56,88,271,96,45
0,42,21,62,28,68,110,40,73,170,32,30
0,77,33,97,35,45,152,82,21,254,73,34
0,17,16,37,48,74,105,60,18,185,87,53
0,41,20,61,71,54,152,85,92,257,31,40
0,39,54,59,64,36,143,43,38,206,77,98
0,86,55,106,60,68,186,37,30,243,96,51
0,46,85,66,32,64,118,20,69,158,100,70
0,79,95,99,24,59,143,40,98,203,91,29
0,28,39,48,46,71,114,63,95,197,13,61
0,23,81,43,30,55,93,69,41,182,15,53
0,70,56,90,91,38,201,27,90,248,50,66
0,71,28,91,94,87,205,58,79,283,25,43
0,39,34,59,70,27,149,24,41,193,35,76
0,47,100,67,19,59,106,73,59,199,89,99
0,49,52,69,86,98,175,61,80,256,96,36
0,17,89,37,17,71,74,54,84,148,93,59
0,55,81,75,89,64,184,72,58,276,75,24
0,88,33,108,81,90,209,80,94,309,39,31
0,62,43,82,79,53,181,43,38,244,44,79
0,13,96,33,16,77,69,12,97,101,66,71
0,64,46,84,57,74,161,40,22,221,57,30
0,40,58,60,23,45,103,61,78,184,47,49
0,75,56,95,55,61,170,39,34,229,32,12
0,34,67,54,89,86,163,90,47,273,65,16
0,77,65,97,98,21,215,48,72,283,45,58
0,42,66,62,55,39,137,46,26,203,34,25
0,34,17,54,86,89,160,30,52,210,12,76
0,23,76,43,23,64,86,91,32,197,37,27
0,37,42,57,96,89,173,73,10,266,46,74
0,22,78,42,77,46,139,89,50,248,15,50
0,31,49,51,95,22,166,69,66,255,34,32
0,95,26,115,52,16,187,89,79,296,99,68
0,48,38,68,85,43,173,16,58,209,17,85
0,49,70,69,19,34,108,23,73,151,90,29
0,24,35,44,12,94,76,21,99,117,11,63
0,78,20,98,15,27,133,79,42,232,51,24
0,14,18,34,42,93,96,73,61,189,75,90
0,69,61,89,38,95,147,24,25,191,94,66
0,45,59,65,32,98,117,75,27,212,31,92
0,78,68,98,36,44,154,52,98,226,22,74
0,67,54,87,98,31,205,84,45,309,75,46
0,23,10,43,35,57,98,63,37,181,31,88
0,31,37,51,76,61,147,37,66,204,50,92
0,52,60,72,35,99,127,21,59,168,75,10
0,50,93,70,43,67,133,35,36,188,52,77
0,55,14,75,52,47,147,95,43,262,75,94
0,63,91,83,57,17,160,83,16,263,25,68
0,26,24,46,66,13,132,88,58,240,100,17
0,51,24,71,48,72,139,13,55,172,88,57
0,16,58,36,60,74,116,30,50,166,83,36
0,27,83,47,100,87,167,32,24,219,69,56
0,52,96,72,48,99,140,16,16,176,75,80
0,67,35,87,99,83,206,41,46,267,36,80
0,50,26,70,59,44,149,78,82,247,88,66
0,34,54,54,14,50,88,28,45,136,14,32
0,12,16,32,61,38,113,93,22,226,10,37
0,13,11,33,71,68,124,73,89,217,66,73
0,38,85,58,27,10,105,35,92,160,24,28
0,19,66,39,69,60,128,38,95,186,81,75
0,63,35,83,24,69,127,33,29,180,61,18
0,86,64,106,88,47,214,60,96,294,90,32
0,74,100,94,87,53,201,51,93,272,83,69
0,11,48,31,44,16,95,26,14,141,96,95
0,24,97,44,48,40,112,19,12,151,23,20
0,17,10,37,92,24,149,74,37,243,97,89
0,82,55,102,18,36,140,67,57,227,49,11
0,37,41,57,46,65,123,89,89,232,98,16
0,71,61,91,76,15,187,27,19,234,93,76
0,59,33,79,85,39,184,28,85,232,28,12
0,92,46,112,27,24,159,56,21,235,95,43
0,80,74,100,47,23,167,13,43,200,88,67
0,48,67,68,59,30,147,46,61,213,19,15
0,69,66,89,84,79,193,35,98,248,84,78
0,95,41,115,19,70,154,55,26,229,58,70
0,97,13,117,54,17,191,29,87,240,79,34
0,81,95,101,63,79,184,90,37,294,93,10
0,64,95,84,45,63,149,18,65,187,100,31
0,55,27,75,19,88,114,93,71,227,22,64
0,62,86,82,79,62,181,14,10,215,16,66
0,90,96,110,10,21,140,35,64,195,38,100
0,79,26,99,10,49,129,75,29,224,77,52
0,47,56,67,29,51,116,37,66,173,86,95
0,93,61,113,91,26,224,54,22,298,50,60
0,76,27,96,36,98,152,65,57,237,81,46
0,24,42,44,85,34,149,50,41,219,78,51
0,71,86,91,46,14,157,77,87,254,14,91
0,71,32,91,27,66,138,26,61,184,53,35
0,70,82,90,84,49,194,35,90,249,71,11
0,62,34,82,76,72,178,97,24,295,95,77
0,49,83,69,55,96,144,83,86,247,75,23
0,14,94,34,85,13,139,10,69,169,78,92
0,39,92,59,95,66,174,51,35,245,48,75
0,29,30,49,99,20,168,45,39,233,68,43
0,13,65,33,55,43,108,22,42,150,18,56
0,91,15,111,64,29,195,90,29,305,72,67
0,86,22,106,16,87,142,16,61,178,85,13
0,97,51,117,38,50,175,25,36,220,42,38
0,68,48,88,54,37,162,74,11,256,13,65
0,21,47,41,16,90,77,62,71,159,69,14
0,73,23,93,43,99,156,78,35,254,57,13
0,58,45,78,89,47,187,95,22,302,37,94
0,89,52,109,74,83,203,67,100,290,16,41
0,39,62,59,23,53,102,15,51,137,78,72
0,29,18,49,81,62,150,96,36,266,44,98
0,18,14,38,59,23,117,70,88,207,54,63
0,66,81,86,74,61,180,96,31,296,59,38
0,82,57,102,45,75,167,21,68,208,87,66
0,79,21,99,58,34,177,85,24,282,91,68
0,85,57,105,26,87,151,79,85,250,84,63
0,63,41,83,47,53,150,65,53,235,75,66
0,58,12,78,84,54,182,36,83,238,63,17
0,53,81,73,98,62,191,45,64,256,29,80
0,36,93,56,69,94,145,17,68,182,89,25
0,21,56,41,16,51,77,14,89,111,20,88
0,85,87,105,76,32,201,40,47,261,99,56
0,84,50,104,42,48,166,88,53,274,66,71
0,78,27,98,93,78,211,76,75,307,86,17
0,55,45,75,10,100,105,23,90,148,90,16
0,47,71,67,31,69,118,87,67,225,86,57
0,81,83,101,61,52,182,23,35,225,13,23
0,46,72,66,47,87,133,76,79,229,94,97
0,37,18,57,21,98,98,12,67,130,37,69
0,61,48,81,32,29,133,63,24,216,21,12
0,55,42,75,33,98,128,29,69,177,46,24
0,18,50,38,65,32,123,100,70,243,43,52
0,76,42,96,58,60,174,75,13,269,48,12
0,50,86,70,92,37,182,54,92,256,95,85
0,47,68,67,68,46,155,22,93,197,89,15
0,92,14,112,88,93,220,36,38,276,16,21
0,14,54,34,76,75,130,63,63,213,71,75
0,96,81,116,54,15,190,88,59,298,97,73
0,18,75,38,80,92,138,59,75,217,74,29
0,13,65,33,98,98,151,38,67,209,79,41
0,44,25,64,53,84,137,92,82,249,40,30
0,53,46,73,69,73,162,72,31,254,74,99
0,28,28,48,68,72,136,58,74,214,27,82
0,83,45,103,29,43,152,16,39,188,14,12
0,75,57,95,10,12,125,28,19,173,48,71
0,85,95,105,42,74,167,74,82,261,44,86
0,71,94,91,62,52,173,21,73,214,10,48
0,47,79,67,62,68,149,64,73,233,82,50
0,70,62,90,95,29,205,21,11,246,15,95
0,37,47,57,26,96,103,59,50,182,31,72
0,11,90,31,47,82,98,19,94,137,20,74
0,20,91,40,87,79,147,15,74,182,51,46
0,87,52,107,89,90,216,27,37,263,11,16
0,82,100,102,93,30,215,99,39,334,64,62
0,58,47,78,35,75,133,92,24,245,29,53
0,24,26,44,57,22,121,47,37,188,30,98
0,24,80,44,96,74,160,89,19,269,49,42
0,84,40,104,38,95,162,88,18,270,54,60
0,48,65,68,97,52,185,41,45,246,28,33
0,94,25,114,50,20,184,17,60,221,22,100
0,34,46,54,66,98,140,96,78,256,84,11
0,97,57,117,59,41,196,58,11,274,79,34
0,45,54,65,60,66,145,66,51,231,48,65
0,12,28,32,20,78,72,18,93,110,64,73
0,73,58,93,37,76,150,36,85,206,100,38
0,91,63,111,82,62,213,100,93,333,13,56
0,70,13,90,67,71,177,13,98,210,96,48
0,80,59,100,29,50,149,97,28,266,39,32
0,73,53,93,69,74,182,64,11,266,50,44
0,78,47,98,86,74,204,66,73,290,98,65
0,87,89,107,72,22,199,68,61,287,21,72
0,55,59,75,77,65,172,98,45,290,13,78
0,78,57,98,83,63,201,32,17,253,40,76
0,86,27,106,20,62,146,94,14,260,72,53
0,73,55,93,26,36,139,95,22,254,73,81
0,100,91,120,47,69,187,40,57,247,50,24
0,80,97,100,70,72,190,79,13,289,48,41
0,33,21,53,98,12,171,29,92,220,45,53
0,46,80,66,58,70,144,23,45,187,37,35
0,37,95,57,17,85,94,58,11,172,24,93
0,58,46,78,15,31,113,41,97,174,25,96
0,79,82,99,82,50,201,63,79,284,61,12
0,57,37,77,71,49,168,57,97,245,68,77
0,40,79,60,87,48,167,29,47,216,63,63
0,22,72,42,78,85,140,55,28,215,64,29
0,54,33,74,84,53,178,43,49,241,11,49
0,36,80,56,32,27,108,29,54,157,95,75
0,58,11,78,57,87,155,56,73,231,85,66
0,44,69,64,48,95,132,47,22,199,24,44
0,37,76,57,79,46,156,92,44,268,74,59
0,85,12,105,38,83,163,39,24,222,85,57
0,59,20,79,92,87,191,98,81,309,57,23
0,11,85,31,50,70,101,73,25,194,58,21
0,55,34,75,22,14,117,64,54,201,13,84
0,52,48,72,13,83,105,22,63,147,32,56
0,99,22,119,80,86,219,77,77,316,33,47
0,96,46,116,59,58,195,40,47,255,48,70
0,16,28,36,39,68,95,24,83,139,58,81
0,40,97,60,51,20,131,93,16,244,45,67
0,48,45,68,100,83,188,75,39,283,41,53
0,96,39,116,84,56,220,13,17,253,24,25
0,42,94,62,72,13,154,25,12,199,46,44
0,60,70,80,55,43,155,91,13,266,10,94
0,81,75,101,74,45,195,39,19,254,76,85
0,29,34,49,27,52,96,33,91,149,51,45
0,99,66,119,77,94,216,46,61,282,21,25
0,18,34,38,88,87,146,77,31,243,40,84
0,22,44,42,59,13,121,54,34,195,51,94
0,78,11,98,36,32,154,94,40,268,80,39
0,78,55,98,93,48,211,17,57,248,19,50
0,14,11,34,70,48,124,33,85,177,89,28
0,40,79,60,76,41,156,73,82,249,40,98
0,32,30,52,28,56,100,76,13,196,86,78
0,22,85,42,13,67,75,53,51,148,88,96
0,28,63,48,24,33,92,22,70,134,93,79
0,20,30,40,89,11,149,20,69,189,29,82
0,24,11,44,63,85,127,40,26,187,77,59
0,17,38,37,16,62,73,57,30,150,21,66
0,19,54,39,84,50,143,61,90,224,55,32
0,100,80,120,67,82,207,44,87,271,98,57
0,16,54,36,71,41,127,19,34,166,29,67
0,41,53,61,93,48,174,10,53,204,25,51
0,99,83,119,15,32,154,38,46,212,66,99
0,18,65,38,52,77,110,59,53,189,40,84
0,36,73,56,33,63,109,86,47,215,22,23
0,49,43,69,27,76,116,86,41,222,54,41
0,49,92,69,46,59,135,69,53,224,43,24
0,67,45,87,100,88,207,96,100,323,76,21
0,91,40,111,10,98,141,75,81,236,54,64
0,72,81,92,51,74,163,64,15,247,45,23
0,39,59,59,58,67,137,72,98,229,40,46
0,44,64,64,77,41,161,67,15,248,19,57
0,83,29,103,15,64,138,19,72,177,26,84
0,15,93,35,55,39,110,48,55,178,82,67
0,60,64,80,38,97,138,28,12,186,19,51
0,84,59,104,59,25,183,30,45,233,39,38
0,39,23,59,29,65,108,21,86,149,24,47
0,81,36,101,73,48,194,48,75,262,74,69
0,63,62,83,85,17,188,51,90,259,95,80
0,85,41,105,34,100,159,81,98,260,95,96
0,85,93,105,63,20,188,99,71,307,22,82
0,98,23,118,60,35,198,49,12,267,73,87
0,21,28,41,45,64,106,22,56,148,87,29
0,68,42,88,37,78,145,32,72,197,82,93
0,70,71,90,73,67,183,90,98,293,72,84
0,13,83,33,52,36,105,42,68,167,40,67
0,45,61,65,97,78,182,87,40,289,15,18
0,17,76,37,80,70,137,12,11,169,39,68
0,64,45,84,18,77,122,82,48,224,94,92
0,50,60,70,89,33,179,40,13,239,43,51
0,77,34,97,30,95,147,52,13,219,62,15
0,29,97,49,29,92,98,97,43,215,56,52
0,38,41,58,81,62,159,84,19,263,73,44
0,85,97,105,93,48,218,47,70,285,17,73
0,10,22,30,61,64,111,68,62,199,31,79
0,76,36,96,48,43,164,61,46,245,21,68
0,52,33,72,36,56,128,49,10,197,14,71
0,75,14,95,31,73,146,18,65,184,41,15
0,54,84,74,11,76,105,61,70,186,70,85
0,72,89,92,81,37,193,21,19,234,58,16
0,41,12,61,80,62,161,99,79,280,86,22
0,99,59,119,61,24,200,10,70,230,42,55
0,10,13,30,88,24,138,81,25,239,27,67
0,22,49,42,55,32,117,79,38,216,28,19
0,10,79,30,81,38,131,27,48,178,61,46
0,16,84,36,60,91,116,24,75,160,93,77
0,20,13,40,52,41,112,72,38,204,11,84
0,21,63,41,48,88,109,27,95,156,12,95
0,38,49,58,26,58,104,19,20,143,49,96
0,86,63,106,66,28,192,70,23,282,20,12
0,87,82,107,70,69,197,18,42,235,55,31
0,31,65,51,49,56,120,73,23,213,49,84
0,73,55,93,24,52,137,67,24,224,59,35
0,57,71,77,37,82,134,48,29,202,37,93
0,16,91,36,100,55,156,22,91,198,58,71
0,72,50,92,30,44,142,36,31,198,60,45
0,74,35,94,18,62,132,68,65,220,69,18
0,76,22,96,39,52,155,92,91,267,63,88
0,76,57,96,21,36,137,73,29,230,60,38
0,69,15,89,70,14,179,81,12,280,94,24
0,28,83,48,11,80,79,17,70,116,63,33
0,29,33,49,39,15,108,60,64,188,84,37
0,12,62,32,12,65,64,60,34,144,86,39
0,25,62,45,93,71,158,18,34,196,95,74
0,20,44,40,98,24,158,66,40,244,96,72
0,32,74,52,53,46,125,96,34,241,52,33
0,54,32,74,70,30,164,81,47,265,85,81
0,16,83,36,60,31,116,85,39,221,95,77
0,14,41,34,20,87,74,30,83,124,91,17
0,41,15,61,67,51,148,67,29,235,79,17
0,72,48,92,45,80,157,21,69,198,74,58
0,14,36,34,31,89,85,31,51,136,26,25
0,90,75,110,17,66,147,97,27,264,57,76
0,62,96,82,74,25,176,80,40,276,98,49
0,15,22,35,90,59,145,82,55,247,12,63
0,70,32,90,19,57,129,100,24,249,56,50
0,95,32,115,97,92,232,93,43,345,60,34
0,59,18,79,66,20,165,24,97,209,48,63
0,10,30,30,33,33,83,55,45,158,93,86
0,99,61,119,55,40,194,57,74,271,11,100
0,29,16,49,37,43,106,64,49,190,87,96
0,68,77,88,99,91,207,88,33,315,55,80
0,78,89,98,36,15,154,41,52,215,18,77
0,59,45,79,44,44,143,27,54,190,69,31
0,75,40,95,14,80,129,81,31,230,75,34
0,29,26,49,94,77,163,71,47,254,52,29
0,77,91,97,23,67,140,14,27,174,40,47
0,25,49,45,21,55,86,99,15,205,71,22
0,81,79,101,47,80,168,20,79,208,45,84
0,88,100,108,60,49,188,59,29,267,71,98
0,20,95,40,67,48,127,89,49,236,96,20
0,20,99,40,28,16,88,80,37,188,75,37
0,11,97,31,27,25,78,73,58,171,73,38
0,19,47,39,48,84,107,86,11,213,99,32
0,49,45,69,49,93,138,44,17,202,74,26
0,39,91,59,46,69,125,11,81,156,85,49
0,71,45,91,88,55,199,64,15,283,91,62
0,99,86,119,94,55,233,67,56,320,98,30
0,22,27,42,73,68,135,63,66,218,79,12
0,70,83,90,70,24,180,76,46,276,66,39
0,54,13,74,64,39,158,13,97,191,97,71
0,83,46,103,88,43,211,27,35,258,34,89
0,21,77,41,27,43,88,100,45,208,89,95
0,100,87,120,17,87,157,14,39,191,11,44
0,85,66,105,73,38,198,71,68,289,48,50
0,10,36,30,14,70,64,86,33,170,66,96
0,44,57,64,43,42,127,79,31,226,76,12
0,84,46,104,51,34,175,92,14,287,25,13
0,55,94,75,40,82,135,34,97,189,84,94
0,48,58,68,35,24,123,49,81,192,72,99
0,14,77,34,11,39,65,48,39,133,87,84
0,63,91,83,62,61,165,86,15,271,25,29
0,36,81,56,10,61,86,32,28,138,65,65
0,41,74,61,96,62,177,69,51,266,54,44
0,67,30,87,94,40,201,35,71,256,96,91
0,28,41,48,86,99,154,37,78,211,95,63
0,33,49,53,69,68,142,85,21,247,81,78
0,77,29,97,79,45,196,74,32,290,42,43
0,16,53,36,83,58,139,91,35,250,50,99
0,24,54,44,44,97,108,79,63,207,48,10
0,20,47,40,77,81,137,36,17,193,57,80
0,21,87,41,53,16,114,44,57,178,97,20
0,47,88,67,61,72,148,79,28,247,30,90
0,79,47,99,76,98,195,18,67,233,26,62
0,88,80,108,47,43,175,22,93,217,25,92
0,13,79,33,99,28,152,86,53,258,51,26
0,93,80,113,10,33,143,52,14,215,24,36
0,78,33,98,54,44,172,28,87,220,29,98
0,76,79,96,19,32,135,66,53,221,36,13
0,12,68,32,55,89,107,99,52,226,35,85
0,32,45,52,13,16,85,36,35,141,12,26
0,56,82,76,11,35,107,27,57,154,61,100
0,24,86,44,50,30,114,17,17,151,52,13
0,85,61,105,26,20,151,45,14,216,35,19
0,81,73,101,41,54,162,48,19,230,77,60
0,76,29,96,99,86,215,50,74,285,57,85
0,44,44,64,37,39,121,79,67,220,15,61
0,33,45,53,64,59,137,73,96,230,68,68
0,57,96,77,37,84,134,85,45,239,61,99
0,99,37,119,28,16,167,67,84,254,55,52
0,27,70,47,49,77,116,60,68,196,38,40
0,38,57,58,67,68,145,42,89,207,63,74
0,25,34,45,70,25,135,49,44,204,59,10
0,26,63,46,17,37,83,40,30,143,27,60
0,52,74,72,30,62,122,49,75,191,64,77
0,34,17,54,57,53,131,20,73,171,34,32
0,49,95,69,69,51,158,61,13,239,41,32
0,16,82,36,64,38,120,51,58,191,78,57
0,24,81,44,62,83,126,54,28,200,93,88
0,88,19,108,26,17,154,20,19,194,45,69
0,41,71,61,96,34,177,79,39,276,87,37
0,45,18,65,12,100,97,72,60,189,20,56
